Wikidata_Entity,rdfs:label,skos:altLabel,Entities_in_graph_QLIT,prefLabel_in_English_in_graph_QLIT,altLabel_in_English_in_graph_QLIT
http://www.wikidata.org/entity/Q123851327,['Judendom (HBTQI)'],[],https://queerlit.dh.gu.se/qlit/v1/kn70dj43,['Judendom (hbtqi)'],['Judar (hbtqi)']
http://www.wikidata.org/entity/Q123851307,['Badplatser (HBTQI)'],[],https://queerlit.dh.gu.se/qlit/v1/ju65bo79,['Badplatser (hbtqi)'],"['Badställen (hbtqi)', 'Stränder (hbtqi)']"
http://www.wikidata.org/entity/Q660882,['hijra'],['hijras'],https://queerlit.dh.gu.se/qlit/v1/rj97ul15,['Hijre'],"['Hijra', 'Hijras', 'Jagappa', 'Khawaja sira', 'Khwaja sira', 'Kinnar', 'Kinner']"
http://www.wikidata.org/entity/Q123851306,['Transföräldrar'],[],https://queerlit.dh.gu.se/qlit/v1/jt69hs39,['Transföräldrar'],[]
http://www.wikidata.org/entity/Q123851606,['Protestantism (HBTQI)'],[],https://queerlit.dh.gu.se/qlit/v1/st81qb94,['Protestantism (hbtqi)'],"['Anglikaner (hbtqi)', 'Anglikanism (hbtqi)', 'Baptism (hbtqi)', 'Baptister (hbtqi)', 'Kalvinism (hbtqi)', 'Kalvinister (hbtqi)', 'Kväkare (hbtqi)', 'Protestanter (hbtqi)']"
http://www.wikidata.org/entity/Q123851713,['Barn till transpersoner'],[],https://queerlit.dh.gu.se/qlit/v1/xx95hc99,['Barn till transpersoner'],[]
http://www.wikidata.org/entity/Q18116794,['könsbytande'],"['genderfluid', 'könsflytande']",https://queerlit.dh.gu.se/qlit/v1/mb15si12,['Genderfluid-personer'],[]
http://www.wikidata.org/entity/Q301702,['two-spirit'],[],https://queerlit.dh.gu.se/qlit/v1/zq57kl95,['Two-spirit'],"['Two-spirit-personer', 'Twospirit', 'Twospirit-personer']"
http://www.wikidata.org/entity/Q123851517,['Fysiskt funktionshindrade HBTQI-personer'],[],https://queerlit.dh.gu.se/qlit/v1/qx32lu52,['Fysiskt funktionshindrade hbtqi-personer'],"['Fysiskt funktionsvarierade hbtqi-personer', 'Hbtqi-personer med fysiska funktionsnedsättningar']"
http://www.wikidata.org/entity/Q123851183,['Religion (HBTQI)'],[],https://queerlit.dh.gu.se/qlit/v1/fs91lv00,['Religion (hbtqi)'],"['Gudstro (hbtqi)', 'Tro (hbtqi)', 'Troende (hbtqi)', 'Trosriktningar (hbtqi)']"
http://www.wikidata.org/entity/Q20746742,['adoptivförälder'],[],https://queerlit.dh.gu.se/qlit/v1/jv45ng56,['Adoptivföräldrar (hbtqi)'],[]
http://www.wikidata.org/entity/Q59677,['transfobi'],[],https://queerlit.dh.gu.se/qlit/v1/kx09ve81,['Transfobi'],[]
http://www.wikidata.org/entity/Q376032,['Tribadism'],"['Tribbing', 'Scissors kissing']",https://queerlit.dh.gu.se/qlit/v1/nu38hi25,['Tribader'],[]
http://www.wikidata.org/entity/Q123851457,['Bisexuella barn'],[],https://queerlit.dh.gu.se/qlit/v1/pn74ek02,['Bisexuella barn'],[]
http://www.wikidata.org/entity/Q1093205,['Cisperson'],[],https://queerlit.dh.gu.se/qlit/v1/wj35lq02,['Cispersoner'],[]
http://www.wikidata.org/entity/Q184674,['impotens'],"['Potensproblem', 'Erektil dysfunktion', 'Impotent']",https://queerlit.dh.gu.se/qlit/v1/im61zi90,['Erektil dysfunktion'],"['ED', 'Impotens', 'Svårt att få stånd']"
http://www.wikidata.org/entity/Q123851262,['Vård i livets slutskede (aids)'],[],https://queerlit.dh.gu.se/qlit/v1/il00wp51,['Vård i livets slutskede (aids)'],"['Palliation (aids)', 'Palliativ vård (aids)', 'Palliativt skeende (aids)', 'Vård av döende (aids)']"
http://www.wikidata.org/entity/Q190007,['ungdom'],"['ungdomar', 'ungdomen']",https://queerlit.dh.gu.se/qlit/v1/wv53po26,['Ungdomar'],[]
http://www.wikidata.org/entity/Q6623,['vibrator'],[],https://queerlit.dh.gu.se/qlit/v1/vr63wa97,['Vibratorer'],[]
http://www.wikidata.org/entity/Q11460,['kläder'],[],https://queerlit.dh.gu.se/qlit/v1/ac83ik65,['Kläder'],[]
http://www.wikidata.org/entity/Q58929,['Kastrering'],"['Kastrera', 'Orchiektomi', 'Kastrerad', 'Kastration', 'Snöpa']",https://queerlit.dh.gu.se/qlit/v1/wn56qx41,['Kastrering'],['Kastration']
http://www.wikidata.org/entity/Q123851555,['Sexualpolitiska organisationer'],[],https://queerlit.dh.gu.se/qlit/v1/rq71or71,['Sexualpolitiska organisationer'],['Organisationer för sexualvetenskap och sexualreform']
http://www.wikidata.org/entity/Q123851091,['Kärlek (HBTQI)'],[],https://queerlit.dh.gu.se/qlit/v1/cb49gf75,['Kärlek (hbtqi)'],['Kärleksrelationer (hbtqi)']
http://www.wikidata.org/entity/Q123851723,['HBTQI-personer i militären'],[],https://queerlit.dh.gu.se/qlit/v1/ye10vq18,['Hbtqi-personer i militären'],"['Militärer (hbtqi)', 'Soldater (hbtqi)']"
http://www.wikidata.org/entity/Q543,['censur'],[],https://queerlit.dh.gu.se/qlit/v1/lr64yh52,['Censur'],[]
http://www.wikidata.org/entity/Q1070054,['omklädningsrum'],[],https://queerlit.dh.gu.se/qlit/v1/xp00ce87,['Omklädningsrum'],[]
http://www.wikidata.org/entity/Q42165,['stjärt'],"['sätesregion', 'arsle', 'gump', 'rompa', 'arslet', 'rumpa', 'rumpor', 'bakdel', 'Stuss', 'röv', 'rumpan', 'ända', 'stjärtar', 'rump', 'röven', 'stuss']",https://queerlit.dh.gu.se/qlit/v1/wd93mx30,['Skinkor'],[]
http://www.wikidata.org/entity/Q5507613,['sadism'],[],https://queerlit.dh.gu.se/qlit/v1/tk37pb02,['Sadism'],[]
http://www.wikidata.org/entity/Q192280,['sexualupplysning'],"['sexualundervisning', 'sex och samlevnad', 'sexualkunskap', 'sex- och samlevnadsundervisning', 'sexundervisning']",https://queerlit.dh.gu.se/qlit/v1/sg24na75,['Sexualundervisning'],"['Sexualkunskap', 'Sexualupplysning']"
http://www.wikidata.org/entity/Q83345,['manlig omskärelse'],"['omskärelse av pojkar', 'high and tight', 'manlig könsstympning', 'mohel']",https://queerlit.dh.gu.se/qlit/v1/qt34ot13,['Omskärelse'],['Manlig omskärelse']
http://www.wikidata.org/entity/Q2192288,['vulva'],"['sköte', 'mus', 'muffa', 'framstjärt', 'murra', 'brasa', 'kissimurra', 'kussimurra', 'blygd', 'buske', 'murva', 'mutta']",https://queerlit.dh.gu.se/qlit/v1/cg96ab32,['Vulvor'],[]
http://www.wikidata.org/entity/Q123851413,['Bisexuella föräldrar'],[],https://queerlit.dh.gu.se/qlit/v1/nv42jb62,['Bisexuella föräldrar'],[]
http://www.wikidata.org/entity/Q1112128,['Vogue'],['voguing'],https://queerlit.dh.gu.se/qlit/v1/yi56ii68,['Voguing'],"['Vogue (dans)', 'Voguedans']"
http://www.wikidata.org/entity/Q123851422,['Artister (HBTQI)'],[],https://queerlit.dh.gu.se/qlit/v1/of32ux74,['Artister (hbtqi)'],['Konstnärer (hbtqi)']
http://www.wikidata.org/entity/Q491,['vänskap'],[],https://queerlit.dh.gu.se/qlit/v1/jx05kp14,['Vänskap'],"['Kamratskap', 'Kompisar', 'Vänner']"
http://www.wikidata.org/entity/Q3517986,['första vågens feminism'],[],https://queerlit.dh.gu.se/qlit/v1/vv09wq60,['Första vågens feminism'],['Första vågens kvinnorörelser']
http://www.wikidata.org/entity/Q17542970,['äktenskapslagstiftning'],[],https://queerlit.dh.gu.se/qlit/v1/az92so55,['Äktenskapslagstiftning'],[]
http://www.wikidata.org/entity/Q93200,['sexism'],"['könsrasism', 'könsbaserat diskriminering', 'sexistisk', 'antisexism', 'könsdiskriminering']",https://queerlit.dh.gu.se/qlit/v1/nz93dl71,['Sexism'],[]
http://www.wikidata.org/entity/Q8445,['äktenskap'],[],https://queerlit.dh.gu.se/qlit/v1/vh55tv72,['Äktenskap'],[]
http://www.wikidata.org/entity/Q179294,['eunuck'],"['enuck', 'eunuckerna', 'eunucker']",https://queerlit.dh.gu.se/qlit/v1/ye64kb30,['Eunucker'],['Kastrater']
http://www.wikidata.org/entity/Q724351,['asexualitet'],['asexuell'],https://queerlit.dh.gu.se/qlit/v1/bw78bx64,['Asexualitet'],['Ace']
http://www.wikidata.org/entity/Q7748,['juridik'],['rättsväsende'],https://queerlit.dh.gu.se/qlit/v1/pi26jy10,['Juridik'],"['Lagar', 'Lagstiftning']"
http://www.wikidata.org/entity/Q131295,['bordell'],"['Bordellmamma', 'Horhus']",https://queerlit.dh.gu.se/qlit/v1/ad73kh62,['Bordeller'],"['Glädjehus', 'Horhus']"
http://www.wikidata.org/entity/Q30849,['blogg'],"['Blogga', 'Bloggning', 'Webloggen', 'Blog', 'Webblogg', 'Webbkrönika', 'Webbloggen', 'Bloggar', 'Webloggar', 'Bloggen', 'Flog', 'Webbdagbok', 'Weblog', 'Webbloggar', 'Weblogg', 'Bloggande', 'Musikblogg', 'Affärsblogg', 'Bloggsökmotorer', 'Webbjournal']",https://queerlit.dh.gu.se/qlit/v1/uy98au05,['Bloggar'],[]
http://www.wikidata.org/entity/Q31184,['syskon'],[],https://queerlit.dh.gu.se/qlit/v1/ez04as46,['Syskon'],[]
http://www.wikidata.org/entity/Q866081,['femininitet'],[],https://queerlit.dh.gu.se/qlit/v1/sf56xe20,['Femininitet'],"['Femininiteter', 'Kvinnlighet']"
http://www.wikidata.org/entity/Q199701,['kabuki'],[],https://queerlit.dh.gu.se/qlit/v1/fc56gu03,['Kabuki'],[]
http://www.wikidata.org/entity/Q52815,['porrbiograf'],[],https://queerlit.dh.gu.se/qlit/v1/wm13pa51,['Porrbiografer'],['Sexbiografer']
http://www.wikidata.org/entity/Q37748,['kromosom'],"['kromoson', 'kromosompar', 'autosomer', 'kromosomer']",https://queerlit.dh.gu.se/qlit/v1/mp47ze52,['Kromosomer'],[]
http://www.wikidata.org/entity/Q205665,['social norm'],"['Sociala normerna', 'Samhällsnormen', 'Norm', 'Sociala normer', 'Sociala normen', 'Oskrivna regler', 'Samhällsnorm']",https://queerlit.dh.gu.se/qlit/v1/gb48iw56,['Sociala normer'],[]
http://www.wikidata.org/entity/Q123851420,['Våldtäktsoffer (HBTQI)'],[],https://queerlit.dh.gu.se/qlit/v1/od10cb95,['Våldtäktsoffer (hbtqi)'],"['Hbtqi-personer som våldtäktsoffer', 'Hbtqi-personer utsatta för våldtäkt']"
http://www.wikidata.org/entity/Q391156,['essentialism'],[],https://queerlit.dh.gu.se/qlit/v1/jh97xq13,['Essentialism'],"['Biologisk essentialism', 'Biologism']"
http://www.wikidata.org/entity/Q1054678,['Outande'],"['outning', 'Outa', 'Outing']",https://queerlit.dh.gu.se/qlit/v1/gd64om76,['Outning'],"['Att outa någon', 'Outing']"
http://www.wikidata.org/entity/Q131543,['ECT'],"['Elktrochockbehandling', 'Elektrokonvulsiv terapi', 'Elchocker', 'Elchockbehandling', 'Elchock', 'Elchocksbehandling', 'Elektrochockbehandling', 'Elbehandling', 'Elchockterapi', 'Elektrokonvulsiv behandling']",https://queerlit.dh.gu.se/qlit/v1/ji43uf25,['Elbehandling'],"['ECT', 'Elchocker', 'Elchocksbehandling', 'Elektrokonvulsiv terapi']"
http://www.wikidata.org/entity/Q123851466,['Diskriminering av HBTQI-personer'],[],https://queerlit.dh.gu.se/qlit/v1/pq70kh99,['Diskriminering av hbtqi-personer'],[]
http://www.wikidata.org/entity/Q626268,['cybersex'],[],https://queerlit.dh.gu.se/qlit/v1/hw91rz24,['Cybersex'],"['Internetsex', 'Online sex']"
http://www.wikidata.org/entity/Q123851154,['Dominatrixer (HBTQI)'],[],https://queerlit.dh.gu.se/qlit/v1/ek27kt77,['Dominatrixer (hbtqi)'],[]
http://www.wikidata.org/entity/Q123851070,['Buddism (HBTQI)'],[],https://queerlit.dh.gu.se/qlit/v1/bk97vq01,['Buddism (hbtqi)'],"['Buddhism (hbtqi)', 'Buddhister (hbtqi)', 'Buddister (hbtqi)']"
http://www.wikidata.org/entity/Q14076,['kondom'],[],https://queerlit.dh.gu.se/qlit/v1/kd49dt22,['Kondomer'],[]
http://www.wikidata.org/entity/Q123851314,['TV (HBTQI)'],[],https://queerlit.dh.gu.se/qlit/v1/kb67on35,['TV (hbtqi)'],['Television (hbtqi)']
http://www.wikidata.org/entity/Q1053501,['könskorrigerande operationer'],"['Kirurgiskt könsbyte', 'Könskorrigerande behandling', 'Könskorrigera']",https://queerlit.dh.gu.se/qlit/v1/rb83rq15,['Könsbekräftande behandling'],"['Könsbekräftande ingrepp', 'Könsbekräftande kirurgi', 'Könskorrigerande behandling', 'Könskorrigering']"
http://www.wikidata.org/entity/Q123851631,['Unga bisexuella'],[],https://queerlit.dh.gu.se/qlit/v1/uc45qk12,['Unga bisexuella'],"['Bi-tonåringar', 'Bi-ungdomar', 'Bisexuella tonåringar', 'Bisexuella ungdomar']"
http://www.wikidata.org/entity/Q273972,['bondage'],"['shibari', 'sexuellt tyglande']",https://queerlit.dh.gu.se/qlit/v1/na03ov93,['Bondage'],"['B&D', 'Bondage and discipline', 'Bondage och disciplin']"
http://www.wikidata.org/entity/Q123851663,['Teater (HBTQI)'],[],https://queerlit.dh.gu.se/qlit/v1/vn20br71,['Teater (hbtqi)'],[]
http://www.wikidata.org/entity/Q134154,['amasoner'],"['amazoner', 'amazonomachi', 'amasonerna', 'amazonerna']",https://queerlit.dh.gu.se/qlit/v1/gz04zi19,['Amasoner'],['Amazoner']
http://www.wikidata.org/entity/Q10485247,['Eonism'],[],https://queerlit.dh.gu.se/qlit/v1/sh97pd06,['Eonism'],[]
http://www.wikidata.org/entity/Q11122599,['manlig vänskap'],[],https://queerlit.dh.gu.se/qlit/v1/ys42op85,['Mäns vänskap'],"['Bromance', 'Bromans', 'Manlig vänskap', 'Vänskap mellan män']"
http://www.wikidata.org/entity/Q17422,['samkönat äktenskap'],[],https://queerlit.dh.gu.se/qlit/v1/jw48ie23,['Samkönade äktenskap'],"['Homoäktenskap', 'Likkönade äktenskap']"
http://www.wikidata.org/entity/Q12338229,['spermadonator'],[],https://queerlit.dh.gu.se/qlit/v1/of81kq28,['Spermadonatorer'],[]
http://www.wikidata.org/entity/Q1977453,['andra vågens feminism'],[],https://queerlit.dh.gu.se/qlit/v1/xp34my36,['Andra vågens feminism'],"['Andra vågens kvinnorörelser', 'Den nya kvinnorörelsen']"
http://www.wikidata.org/entity/Q51402,['Stonewallupproret'],[],https://queerlit.dh.gu.se/qlit/v1/rx72ig85,['Stonewallupproret'],"['Stonewallkravallerna', 'Stonewallupploppen']"
http://www.wikidata.org/entity/Q123851469,['Kvinnomusikfestivaler'],[],https://queerlit.dh.gu.se/qlit/v1/ps21xc19,['Kvinnomusikfestivaler'],[]
http://www.wikidata.org/entity/Q202833,['sociala medier'],"['socialt medium', 'social media']",https://queerlit.dh.gu.se/qlit/v1/ci78xa22,['Sociala medier'],"['Användargenererad media', 'Sociala media']"
http://www.wikidata.org/entity/Q294949,['ekofeminism'],[],https://queerlit.dh.gu.se/qlit/v1/ph69wb81,['Ekofeminism'],[]
http://www.wikidata.org/entity/Q123851347,['Hatbrottsoffer (HBTQI)'],[],https://queerlit.dh.gu.se/qlit/v1/li23qw02,['Hatbrottsoffer (hbtqi)'],"['Hbtqi-personer utsatta för hatbrott', 'Offer för hatbrott (hbtqi)']"
http://www.wikidata.org/entity/Q12198,['sexuellt överförbar infektion'],[],https://queerlit.dh.gu.se/qlit/v1/lx03gj31,['Könssjukdomar'],"['STDs', 'STIs', 'Sexuellt överförbara infektioner', 'Sexuellt överförbara sjukdomar', 'Veneriska sjukdomar']"
http://www.wikidata.org/entity/Q43405,['exhibitionism'],"['Exibitionist', 'Blottare', 'Blottning', 'Exhibitionist']",https://queerlit.dh.gu.se/qlit/v1/wk00ux87,['Exhibitionism'],"['Blottare', 'Blottning']"
http://www.wikidata.org/entity/Q510866,['sextning'],[],https://queerlit.dh.gu.se/qlit/v1/rc36vu96,['Sextning'],['Sexting']
http://www.wikidata.org/entity/Q873072,['klitoris'],"['klitta', 'clitoris', 'kittlare', 'klittning']",https://queerlit.dh.gu.se/qlit/v1/lq31ck45,['Klitoris'],[]
http://www.wikidata.org/entity/Q1035954,['heterosexualitet'],"['heterosexuella', 'heterosexuell', 'hetrosexuell', 'hetero', 'hetrosexualitet']",https://queerlit.dh.gu.se/qlit/v1/zp45ez52,['Heterosexualitet'],[]
http://www.wikidata.org/entity/Q2427941,['fosterförälder'],[],https://queerlit.dh.gu.se/qlit/v1/uc52sc28,['Fosterföräldrar (hbtqi)'],[]
http://www.wikidata.org/entity/Q7307,['kyss'],"['Kyss på hand', 'Kindkyss', 'Kyss på handen', 'Kindpuss', 'Kyssar', 'Handkyss', 'Puss på handen']",https://queerlit.dh.gu.se/qlit/v1/ea97yu27,['Kyssar'],['Hångel']
http://www.wikidata.org/entity/Q747592,['bifobi'],[],https://queerlit.dh.gu.se/qlit/v1/iq68sd16,['Bifobi'],[]
http://www.wikidata.org/entity/Q123851741,['Lesbiska familjer'],[],https://queerlit.dh.gu.se/qlit/v1/yp11tl51,['Lesbiska familjer'],[]
http://www.wikidata.org/entity/Q138686,['sexterapi'],[],https://queerlit.dh.gu.se/qlit/v1/nx94fc98,['Sexterapi'],[]
http://www.wikidata.org/entity/Q327538,['sexuell myndighetsålder'],"['Sexuell lovlighetsålder', 'Byxmyndighetsålder', 'Lovlighetsålder', 'Lovlig', 'Byxmyndig']",https://queerlit.dh.gu.se/qlit/v1/qw51tf42,['Sexuell myndighetsålder'],['Samtyckesålder']
http://www.wikidata.org/entity/Q517807,['G-punkten'],[],https://queerlit.dh.gu.se/qlit/v1/fs65mg77,['G-punkten'],"['CUV-komplexet', 'Gräfenberg-punkten']"
http://www.wikidata.org/entity/Q10816,['sexuella hjälpmedel'],['sexleksaker'],https://queerlit.dh.gu.se/qlit/v1/jk79xh22,['Sexhjälpmedel'],"['Sexaccessoarer', 'Sexaccessoirer', 'Sexleksaker']"
http://www.wikidata.org/entity/Q19509201,['HBTQ-aktivist'],['HBTQI-aktivister'],https://queerlit.dh.gu.se/qlit/v1/ae46oh82,['Hbtqi-aktivister'],['Politiska aktivister (hbtqi)']
http://www.wikidata.org/entity/Q31207,['hälso- och sjukvård'],"['vård', 'sjukvård', 'hälsovård', 'sjukvården']",https://queerlit.dh.gu.se/qlit/v1/qj90xo54,['Hälso- och sjukvård'],['Medicinsk vård']
http://www.wikidata.org/entity/Q459409,['hatbrott'],[],https://queerlit.dh.gu.se/qlit/v1/yf82lc16,['Hatbrott'],[]
http://www.wikidata.org/entity/Q1761413,['Kriminalisering'],"['Kriminaliserade', 'Kriminalisera']",https://queerlit.dh.gu.se/qlit/v1/tw40vo62,['Kriminalisering'],[]
http://www.wikidata.org/entity/Q123851390,['Kristendom (HBTQI)'],[],https://queerlit.dh.gu.se/qlit/v1/mz21dd20,['Kristendom (hbtqi)'],['Kristna (hbtqi)']
http://www.wikidata.org/entity/Q663016,['sexturism'],[],https://queerlit.dh.gu.se/qlit/v1/me04wx73,['Sexturism'],[]
http://www.wikidata.org/entity/Q123851055,['Skilda personer'],[],https://queerlit.dh.gu.se/qlit/v1/av87kj76,['Skilda personer'],['Frånskilda personer']
http://www.wikidata.org/entity/Q208099,['komma ut'],['komma ut ur garderoben'],https://queerlit.dh.gu.se/qlit/v1/kp91xn92,['Komma ut'],[]
http://www.wikidata.org/entity/Q200117,['In vitro-fertilisering'],"['Suzi', 'Mikroinjektion', 'Provrörsbarn', 'ICSI', 'In vitro fertilisering', 'Provrörsbefruktning', 'Konstgjord befruktning']",https://queerlit.dh.gu.se/qlit/v1/gx43ps05,['IVF'],"['In vitro-fertilisering', 'Provrörsbefruktning']"
http://www.wikidata.org/entity/Q183548,['voyeurism'],['Voyeur'],https://queerlit.dh.gu.se/qlit/v1/xl67uc46,['Voyeurism'],"['Skopofili', 'Skoptofili']"
http://www.wikidata.org/entity/Q123851062,['Mormonism (HBTQI)'],[],https://queerlit.dh.gu.se/qlit/v1/bf47oe08,['Mormonism (hbtqi)'],"['Hbtqi-mormoner', 'Mormoner (hbtqi)']"
http://www.wikidata.org/entity/Q1098028,['frottage'],[],https://queerlit.dh.gu.se/qlit/v1/tq80uf58,['Frottage'],"['Gnidsex', 'Saxa', 'Tribadism']"
http://www.wikidata.org/entity/Q4620674,['könsorgan'],['genitalier'],https://queerlit.dh.gu.se/qlit/v1/cc01go96,['Könsorgan'],['Genitalier']
http://www.wikidata.org/entity/Q1141526,['strippa'],"['stripteasedansös', 'strippor']",https://queerlit.dh.gu.se/qlit/v1/cy12sh61,['Strippor'],"['Strippare', 'Stripteasedansare', 'Stripteasedansöser', 'Stripteasers']"
http://www.wikidata.org/entity/Q123851479,['Katolicism (HBTQI)'],[],https://queerlit.dh.gu.se/qlit/v1/px55pp67,['Katolicism (hbtqi)'],"['Katoliker (hbtqi)', 'Papism (hbtqi)', 'Papister (hbtqi)']"
http://www.wikidata.org/entity/Q179415,['massage'],['idrottsmassage'],https://queerlit.dh.gu.se/qlit/v1/ng97ok68,['Massage'],[]
http://www.wikidata.org/entity/Q30072520,['butch'],[],https://queerlit.dh.gu.se/qlit/v1/tx04hr81,['Butchar'],['Kvinnlig maskulinitet']
http://www.wikidata.org/entity/Q123851065,['Partners (HBTQI)'],[],https://queerlit.dh.gu.se/qlit/v1/bi99oj90,['Partners (hbtqi)'],[]
http://www.wikidata.org/entity/Q903453,['avkriminalisering'],[],https://queerlit.dh.gu.se/qlit/v1/ve99hw59,['Avkriminalisering'],['Dekriminalisering']
http://www.wikidata.org/entity/Q123851597,['Latines (HBTQI)'],[],https://queerlit.dh.gu.se/qlit/v1/sl84ac44,['Latines (hbtqi)'],"['Chican@s (hbtqi)', 'Chicanas (hbtqi)', 'Chicanos (hbtqi)', 'Latin@ (hbtqi)', 'Latin@s (hbtqi)', 'Latinamerikaner (hbtqi)', 'Latinas (hbtqi)', 'Latinos (hbtqi)', 'Latinx (hbtqi)', 'Latinxs (hbtqi)']"
http://www.wikidata.org/entity/Q1076509,['maskulinitet'],['manlighet'],https://queerlit.dh.gu.se/qlit/v1/cm18bw55,['Maskulinitet'],['Manlighet']
http://www.wikidata.org/entity/Q191778,['celibat'],['Prästäktenskap'],https://queerlit.dh.gu.se/qlit/v1/jc34hl12,['Celibat'],[]
http://www.wikidata.org/entity/Q123851234,['Äldre lesbiska'],[],https://queerlit.dh.gu.se/qlit/v1/hq85ud85,['Äldre lesbiska'],"['Gamla homosexuella kvinnor', 'Gamla lesbiska', 'Äldre homosexuella kvinnor']"
http://www.wikidata.org/entity/Q9384,['testikel'],[],https://queerlit.dh.gu.se/qlit/v1/ge40xr58,['Testiklar'],['Pungkulor']
http://www.wikidata.org/entity/Q11920938,['civilstånd'],[],https://queerlit.dh.gu.se/qlit/v1/uh63yy69,['Civilstånd'],[]
http://www.wikidata.org/entity/Q123851252,['Döva HBTQI-personer'],[],https://queerlit.dh.gu.se/qlit/v1/if59po81,['Döva hbtqi-personer'],"['Döva (hbtqi)', 'Dövstumma (hbtqi)', 'Dövstumma hbtqi-personer']"
http://www.wikidata.org/entity/Q123851047,['Äldre transpersoner'],[],https://queerlit.dh.gu.se/qlit/v1/ao42ia99,['Äldre transpersoner'],['Gamla transpersoner']
http://www.wikidata.org/entity/Q180225,['korsett'],['snörliv'],https://queerlit.dh.gu.se/qlit/v1/fj02md55,['Korsetter'],[]
http://www.wikidata.org/entity/Q442358,['tillfälligt sex'],[],https://queerlit.dh.gu.se/qlit/v1/mc07qj43,['Tillfälligt sex'],[]
http://www.wikidata.org/entity/Q3851652,['Bröstförstoring'],[],https://queerlit.dh.gu.se/qlit/v1/hj31eb45,['Bröstförstoring'],['Bröstaugmentation']
http://www.wikidata.org/entity/Q123851393,['Lesbiska föräldrar'],[],https://queerlit.dh.gu.se/qlit/v1/nc14hs94,['Lesbiska föräldrar'],"['Homosexuella mammor', 'Homosexuella mödrar', 'Lesbiska mammor', 'Lesbiska mödrar']"
http://www.wikidata.org/entity/Q49773,['folkrörelse'],[],https://queerlit.dh.gu.se/qlit/v1/sw59hr91,['Sociala rörelser'],[]
http://www.wikidata.org/entity/Q7675376,['gruppsex'],[],https://queerlit.dh.gu.se/qlit/v1/hv71in35,['Gruppsex'],"['Orgier', 'Trekanter']"
http://www.wikidata.org/entity/Q308857,['misogyni'],"['misogynin', 'Misogyn']",https://queerlit.dh.gu.se/qlit/v1/br29ok75,['Misogyni'],['Kvinnohat']
http://www.wikidata.org/entity/Q625145,['hårborttagning'],"['depilera', 'depilering']",https://queerlit.dh.gu.se/qlit/v1/mg46bp53,['Hårborttagning'],[]
http://www.wikidata.org/entity/Q123851746,['Döden och döende (HBTQI)'],[],https://queerlit.dh.gu.se/qlit/v1/yu17am57,['Döden och döende (hbtqi)'],[]
http://www.wikidata.org/entity/Q123851627,['Äggdonatorer'],[],https://queerlit.dh.gu.se/qlit/v1/tz25ps34,['Äggdonatorer'],[]
http://www.wikidata.org/entity/Q318529,['säkrare sex'],['safe sex'],https://queerlit.dh.gu.se/qlit/v1/um93rl06,['Säkrare sex'],['Säkert sex']
http://www.wikidata.org/entity/Q1072080,['barns sexualitet'],[],https://queerlit.dh.gu.se/qlit/v1/zo32gs01,['Barns sexualitet'],[]
http://www.wikidata.org/entity/Q6636,['homosexualitet'],[],https://queerlit.dh.gu.se/qlit/v1/cr97jg35,['Homosexualitet'],"['Kvinnlig homosexualitet', 'Lesbianism', 'Manlig homosexualitet']"
http://www.wikidata.org/entity/Q213456,['könskörtel'],"['gonader', 'könskörtlar', 'gonad']",https://queerlit.dh.gu.se/qlit/v1/op26io85,['Könskörtlar'],[]
http://www.wikidata.org/entity/Q210604,['Kvinnor som har sex med kvinnor'],[],https://queerlit.dh.gu.se/qlit/v1/dq66qs98,['Kvinnor som har sex med kvinnor'],"['KSK', 'Samkönsälskande kvinnor']"
http://www.wikidata.org/entity/Q123851331,['Uttrar (identitet)'],[],https://queerlit.dh.gu.se/qlit/v1/ku32od34,['Uttrar (identitet)'],[]
http://www.wikidata.org/entity/Q48264,['könsidentitet'],[],https://queerlit.dh.gu.se/qlit/v1/op23ar73,['Könsidentitet'],[]
http://www.wikidata.org/entity/Q109501952,['asexuella'],[],https://queerlit.dh.gu.se/qlit/v1/zq29sy82,['Asexuella'],['Aces']
http://www.wikidata.org/entity/Q123851044,['Bisexualitetsstudier'],[],https://queerlit.dh.gu.se/qlit/v1/ai05xa65,['Bisexualitetsstudier'],['Bisexualitetsforskning']
http://www.wikidata.org/entity/Q3603531,['barnbarn'],[],https://queerlit.dh.gu.se/qlit/v1/jw97cl99,['Barnbarn'],[]
http://www.wikidata.org/entity/Q123851665,['Stealth (transpersoner)'],[],https://queerlit.dh.gu.se/qlit/v1/vr41yw40,['Stealth (transpersoner)'],['Garderobstranspersoner']
http://www.wikidata.org/entity/Q26791,['Faghag'],"['Fag hag', 'Fag-hag']",https://queerlit.dh.gu.se/qlit/v1/vs11js01,['Faghags'],[]
http://www.wikidata.org/entity/Q2672163,['könsroll'],[],https://queerlit.dh.gu.se/qlit/v1/xw31re99,['Könsroller'],[]
http://www.wikidata.org/entity/Q264965,['subkultur'],[],https://queerlit.dh.gu.se/qlit/v1/px93xp25,['Subkulturer'],[]
http://www.wikidata.org/entity/Q123851329,['Hormonbehandling (kön)'],[],https://queerlit.dh.gu.se/qlit/v1/kq81ui59,['Hormonbehandling (kön)'],"['Testosteronbehandling', 'Östrogenbehandling']"
http://www.wikidata.org/entity/Q123851474,['Donatorer (medicin)'],[],https://queerlit.dh.gu.se/qlit/v1/pt39jk21,['Donatorer (medicin)'],[]
http://www.wikidata.org/entity/Q640990,['telefonsex'],[],https://queerlit.dh.gu.se/qlit/v1/vn09ak57,['Telefonsex'],[]
http://www.wikidata.org/entity/Q123851747,['Bisexuella familjer'],[],https://queerlit.dh.gu.se/qlit/v1/yv06is50,['Bisexuella familjer'],[]
http://www.wikidata.org/entity/Q15808,['handbojor'],['handfängsel'],https://queerlit.dh.gu.se/qlit/v1/an00td75,['Handklovar'],['Handbojor']
http://www.wikidata.org/entity/Q210749,['anilingus'],"['Rimming', 'Rimjob', 'Rim job', 'Analingus', 'Slicka röv']",https://queerlit.dh.gu.se/qlit/v1/ex44dm42,['Rimming'],"['Anilingus', 'Rimning']"
http://www.wikidata.org/entity/Q123851572,['Intersexbarn'],[],https://queerlit.dh.gu.se/qlit/v1/rw98mz62,['Intersexbarn'],[]
http://www.wikidata.org/entity/Q36224,['pronomen'],[],https://queerlit.dh.gu.se/qlit/v1/kx15ll15,['Pronomen'],"['De', 'Den', 'Han', 'Hen', 'Hon', 'Personliga pronomen', 'Personliga pronomina', 'Pronomina']"
http://www.wikidata.org/entity/Q28129894,['femme'],[],https://queerlit.dh.gu.se/qlit/v1/qk34rm23,['Femmes'],['Läppstiftslesbiska']
http://www.wikidata.org/entity/Q152910,['piska'],['piskning'],https://queerlit.dh.gu.se/qlit/v1/am48aq94,['Piskor'],[]
http://www.wikidata.org/entity/Q1531507,['bastuklubb'],[],https://queerlit.dh.gu.se/qlit/v1/cj81yo60,['Bastuklubbar'],[]
http://www.wikidata.org/entity/Q152213,['striptease'],"['erotisk dans', 'exotisk dans', 'strippdans', 'strip-tease']",https://queerlit.dh.gu.se/qlit/v1/ax27ow53,['Striptease'],"['Strippa', 'Striptease-dans']"
http://www.wikidata.org/entity/Q3110090,['sexfest'],[],https://queerlit.dh.gu.se/qlit/v1/ts00ew43,['Sexfester'],['Sexpartyn']
http://www.wikidata.org/entity/Q2706246,['Disciplinboll'],['gagball'],https://queerlit.dh.gu.se/qlit/v1/bf78mj81,['Disciplinbollar'],"['Ballgags', 'Bollgag', 'Gag-boll']"
http://www.wikidata.org/entity/Q43812,['pass'],"['Passport', 'Passkontroll']",https://queerlit.dh.gu.se/qlit/v1/gi07re10,['Pass'],[]
http://www.wikidata.org/entity/Q392963,['ageplay'],['åldersspel'],https://queerlit.dh.gu.se/qlit/v1/vr46nj48,['Ageplay'],['Age play']
http://www.wikidata.org/entity/Q1377445,['Samvetsäktenskap'],[],https://queerlit.dh.gu.se/qlit/v1/lf34bt23,['Samvetsäktenskap'],"['Common law marriage', 'Stockholmsäktenskap']"
http://www.wikidata.org/entity/Q123851725,['Äldre bisexuella'],[],https://queerlit.dh.gu.se/qlit/v1/ye70mb49,['Äldre bisexuella'],['Gamla bisexuella']
http://www.wikidata.org/entity/Q168210,['internetforum'],"['webbfora', 'webbforum', 'diskussionsforum', 'diskussionsgrupp', 'onlineforum']",https://queerlit.dh.gu.se/qlit/v1/ly14nd30,['Internetforum'],['Forum']
http://www.wikidata.org/entity/Q123851126,['Vampyrism (sexualitet)'],[],https://queerlit.dh.gu.se/qlit/v1/de29wy54,['Vampyrism (sexualitet)'],['Vampyrsex']
http://www.wikidata.org/entity/Q123851722,['Lesbisk separatism'],[],https://queerlit.dh.gu.se/qlit/v1/ye03oa57,['Lesbisk separatism'],[]
http://www.wikidata.org/entity/Q123851139,['Relationer mellan lesbiska och bögar'],[],https://queerlit.dh.gu.se/qlit/v1/dy39os96,['Relationer mellan lesbiska och bögar'],['Relationer mellan bögar och lesbiska']
http://www.wikidata.org/entity/Q322170,['suffragett'],"['suffragetter', 'rösträttskvinna', 'suffragetterna']",https://queerlit.dh.gu.se/qlit/v1/qy58fc22,['Suffragetter'],"['Kvinnorösträttskämpar', 'Rösträttskvinnor', 'Suffragister']"
http://www.wikidata.org/entity/Q205647,['körkort'],"['körkorts-behörigheter', 'B-körkort', 'körkortsutbildning', 'internationellt körkort']",https://queerlit.dh.gu.se/qlit/v1/up70lp68,['Körkort'],[]
http://www.wikidata.org/entity/Q123851484,['Olikkönade äktenskap'],[],https://queerlit.dh.gu.se/qlit/v1/pz10lk70,['Olikkönade äktenskap'],['Heterosexuella äktenskap']
http://www.wikidata.org/entity/Q1537534,['neovagina'],['vaginoplastik'],https://queerlit.dh.gu.se/qlit/v1/sd59fm82,['Vaginoplastik'],[]
http://www.wikidata.org/entity/Q123851356,['Relationer (HBTQI)'],[],https://queerlit.dh.gu.se/qlit/v1/lm49rl65,['Relationer (hbtqi)'],[]
http://www.wikidata.org/entity/Q10832,['Sexdocka'],[],https://queerlit.dh.gu.se/qlit/v1/ht02we27,['Sexdockor'],['Uppblåsbara dockor']
http://www.wikidata.org/entity/Q184211,['monogami'],"['Monogama', 'Engifte', 'Monogam']",https://queerlit.dh.gu.se/qlit/v1/bv98lh92,['Monogami'],[]
http://www.wikidata.org/entity/Q123851733,['Bögfamiljer'],[],https://queerlit.dh.gu.se/qlit/v1/yj97ew44,['Bögfamiljer'],[]
http://www.wikidata.org/entity/Q457251,['Urolagnia'],"['Våtsex', 'Undinism', 'Urolagni', 'Golden shower', 'Urofil', 'Urofili']",https://queerlit.dh.gu.se/qlit/v1/bv70bv30,['Urinsex'],"['Golden showers', 'Undinism', 'Urolagni', 'Water sports', 'Wet (sex)']"
http://www.wikidata.org/entity/Q208373,['kvinnlig könsstympning'],"['kvinnlig omskärelse', 'könsstympning']",https://queerlit.dh.gu.se/qlit/v1/wk81dt63,['Könsstympning'],"['Kvinnlig könsstympning', 'Kvinnlig omskärelse']"
http://www.wikidata.org/entity/Q35535,['polis'],"['polisväsen', 'polisen', 'bängen', 'svarthjälmare', 'polismakt', 'polisaktion', 'poliser', 'polisens', 'ordningspolis', 'potatisgris', 'snutarna', 'snuten', 'poliskår']",https://queerlit.dh.gu.se/qlit/v1/os99go07,['Poliser'],"['Aina', 'Ordningsmakten', 'Polisen', 'Poliskonstaplar', 'Polistjänstemän', 'Snutar']"
http://www.wikidata.org/entity/Q8458,['mänskliga rättigheter'],[],https://queerlit.dh.gu.se/qlit/v1/qs37gp76,['Mänskliga rättigheter'],[]
http://www.wikidata.org/entity/Q11364,['hormon'],[],https://queerlit.dh.gu.se/qlit/v1/so20eo06,['Hormoner'],"['Testosteron', 'Östrogen']"
http://www.wikidata.org/entity/Q918319,['Analplugg'],['Buttplug'],https://queerlit.dh.gu.se/qlit/v1/yl85hr37,['Buttpluggar'],['Analplugg']
http://www.wikidata.org/entity/Q167918,['förälders förälder'],[],https://queerlit.dh.gu.se/qlit/v1/xx44cw56,['Mor- och farföräldrar'],"['Farfar', 'Farfäder', 'Farföräldrar', 'Farmor', 'Farmödrar', 'Föräldraförälder', 'Föräldraföräldrar', 'Morfar', 'Morfäder', 'Morföräldrar', 'Mormor', 'Mormödrar']"
http://www.wikidata.org/entity/Q123851207,['Intimitet (HBTQI)'],[],https://queerlit.dh.gu.se/qlit/v1/gx90ki07,['Intimitet (hbtqi)'],[]
http://www.wikidata.org/entity/Q845799,['pojkflicka'],[],https://queerlit.dh.gu.se/qlit/v1/qw72dw59,['Pojkflickor'],[]
http://www.wikidata.org/entity/Q123851407,['Unga heterosexuella'],[],https://queerlit.dh.gu.se/qlit/v1/nm13zo20,['Unga heterosexuella'],['Heterosexuella ungdomar']
http://www.wikidata.org/entity/Q123851537,['Mord på HBTQI-personer'],[],https://queerlit.dh.gu.se/qlit/v1/rh94xr73,['Mord på hbtqi-personer'],"['Mord på bisexuella', 'Mord på bögar', 'Mord på homosexuella', 'Mord på intersexpersoner', 'Mord på lesbiska', 'Mord på queera', 'Mord på transpersoner']"
http://www.wikidata.org/entity/Q550675,['hysterektomi'],[],https://queerlit.dh.gu.se/qlit/v1/zm70cc59,['Hysterektomi'],[]
http://www.wikidata.org/entity/Q1165905,['sexuell identitet'],[],https://queerlit.dh.gu.se/qlit/v1/iy93lr17,['Sexuell identitet'],[]
http://www.wikidata.org/entity/Q123851120,['Våld i nära relationer (HBTQI)'],[],https://queerlit.dh.gu.se/qlit/v1/cy11ub78,['Våld i nära relationer (hbtqi)'],"['Närståendevåld', 'Partnervåld', 'Våld i familjen', 'Våld i hemmet']"
http://www.wikidata.org/entity/Q15404978,['Könsuttryck'],[],https://queerlit.dh.gu.se/qlit/v1/aq42lk11,['Könsuttryck'],[]
http://www.wikidata.org/entity/Q123851349,['Taoism (HBTQI)'],[],https://queerlit.dh.gu.se/qlit/v1/lj78ol14,['Taoism (hbtqi)'],"['Daoism (hbtqi)', 'Daoister (hbtqi)', 'Hbtqi-daoister', 'Hbtqi-taoister', 'Taoister (hbtqi)']"
http://www.wikidata.org/entity/Q123851454,['Prostituerade lesbiska'],[],https://queerlit.dh.gu.se/qlit/v1/pm55yu20,['Prostituerade lesbiska'],[]
http://www.wikidata.org/entity/Q123851166,['Förföljelse av bisexuella'],[],https://queerlit.dh.gu.se/qlit/v1/ew86op35,['Förföljelse av bisexuella'],[]
http://www.wikidata.org/entity/Q123851510,['Lesbiska relationer'],[],https://queerlit.dh.gu.se/qlit/v1/qo99it05,['Lesbiska relationer'],[]
http://www.wikidata.org/entity/Q666791,['borgerligt namn'],['juridiskt namn'],https://queerlit.dh.gu.se/qlit/v1/aa40zb14,['Juridiskt namn'],[]
http://www.wikidata.org/entity/Q123851669,['Dragfamiljer'],[],https://queerlit.dh.gu.se/qlit/v1/vu62yz77,['Dragfamiljer'],[]
http://www.wikidata.org/entity/Q123851273,['Blodgivare (HBTQI)'],[],https://queerlit.dh.gu.se/qlit/v1/ir89ck62,['Blodgivare (hbtqi)'],[]
http://www.wikidata.org/entity/Q123851499,['Förföljelse av lesbiska'],[],https://queerlit.dh.gu.se/qlit/v1/qh24te87,['Förföljelse av lesbiska'],[]
http://www.wikidata.org/entity/Q835137,['Flata'],['Flator'],https://queerlit.dh.gu.se/qlit/v1/gs35mz40,['Flator'],[]
http://www.wikidata.org/entity/Q123851229,['Sexställen'],[],https://queerlit.dh.gu.se/qlit/v1/hi88il01,['Sexställen'],['Sexplatser']
http://www.wikidata.org/entity/Q123851375,['Garderobsbisexuella'],[],https://queerlit.dh.gu.se/qlit/v1/mk46kv76,['Garderobsbisexuella'],[]
http://www.wikidata.org/entity/Q123851127,['Asiater (HBTQI)'],[],https://queerlit.dh.gu.se/qlit/v1/df78pd63,['Asiater (hbtqi)'],[]
http://www.wikidata.org/entity/Q123851202,['Offer för sexuella övergrepp (HBTQI)'],[],https://queerlit.dh.gu.se/qlit/v1/gl76ac31,['Offer för sexuella övergrepp (hbtqi)'],"['Hbtqi-personer drabbade av sexbrott', 'Hbtqi-personer drabbade av sexuella övergrepp', 'Hbtqi-personer drabbade av sexuellt våld', 'Hbtqi-personer utsatta för sexbrott', 'Hbtqi-personer utsatta för sexuella övergrepp', 'Hbtqi-personer utsatta för sexuellt våld', 'Offer för sexbrott (hbtqi)', 'Offer för sexuellt våld (hbtqi)']"
http://www.wikidata.org/entity/Q123851342,['Partners till bisexuella'],[],https://queerlit.dh.gu.se/qlit/v1/lf94dz65,['Partners till bisexuella'],[]
http://www.wikidata.org/entity/Q1806228,['Orkidektomi'],[],https://queerlit.dh.gu.se/qlit/v1/zj98an94,['Orkidektomi'],['Orkiektomi']
http://www.wikidata.org/entity/Q123851641,['Familjer med ensamstående föräldrar (HBTQI)'],[],https://queerlit.dh.gu.se/qlit/v1/um15fy01,['Familjer med ensamstående föräldrar (hbtqi)'],[]
http://www.wikidata.org/entity/Q123851233,['Krigsoffer (HBTQI)'],[],https://queerlit.dh.gu.se/qlit/v1/hp00qz40,['Krigsoffer (hbtqi)'],['Krigsdrabbade hbtqi-personer']
http://www.wikidata.org/entity/Q123851223,['Nyutkomna lesbiska'],[],https://queerlit.dh.gu.se/qlit/v1/hg41ea96,['Nyutkomna lesbiska'],[]
http://www.wikidata.org/entity/Q123851760,['Unga intersexpersoner'],[],https://queerlit.dh.gu.se/qlit/v1/zl81mx49,['Unga intersexpersoner'],"['Intersextonåringar', 'Intersexungdomar']"
http://www.wikidata.org/entity/Q123851380,['Ursprungsbefolkningar (HBTQI)'],[],https://queerlit.dh.gu.se/qlit/v1/mo36hy57,['Ursprungsbefolkningar (hbtqi)'],"['Urbefolkningar (hbtqi)', 'Urfolk (hbtqi)', 'Urinvånare (hbtqi)']"
http://www.wikidata.org/entity/Q123851402,['Icke-vita HBTQI-personer'],[],https://queerlit.dh.gu.se/qlit/v1/nj44aa03,['Icke-vita hbtqi-personer'],"['Färgade hbtqi-personer', 'Hbtqi POC', 'Hbtqi people of color', 'Hbtqi people of colour', 'Ickevita hbtqi-personer', 'Rasifierade hbtqi-personer']"
http://www.wikidata.org/entity/Q17004012,['intersexkirurgi'],['Könsstympning av intersexpersoner'],https://queerlit.dh.gu.se/qlit/v1/ae55cm31,['Könsstympning av intersexpersoner'],[]
http://www.wikidata.org/entity/Q123851512,['Bisexuella relationer'],[],https://queerlit.dh.gu.se/qlit/v1/qq09uc15,['Bisexuella relationer'],[]
http://www.wikidata.org/entity/Q123851464,['Synlighet (HBTQI)'],[],https://queerlit.dh.gu.se/qlit/v1/po00wj87,['Synlighet (hbtqi)'],[]
http://www.wikidata.org/entity/Q123851552,['Partners till queera personer'],[],https://queerlit.dh.gu.se/qlit/v1/rn71bp03,['Partners till queera personer'],[]
http://www.wikidata.org/entity/Q28130022,['ballroomkultur'],[],https://queerlit.dh.gu.se/qlit/v1/hc77dd42,['Ballroomkultur'],"['Ballroom culture', 'Ballroom-community']"
http://www.wikidata.org/entity/Q123851243,['Jehovas vittnen (HBTQI)'],[],https://queerlit.dh.gu.se/qlit/v1/ib01vo16,['Jehovas vittnen (hbtqi)'],[]
http://www.wikidata.org/entity/Q123851303,['Penissex'],[],https://queerlit.dh.gu.se/qlit/v1/jq54pz13,['Penissex'],[]
http://www.wikidata.org/entity/Q123851736,['Psykiatrisk vård (HBTQI)'],[],https://queerlit.dh.gu.se/qlit/v1/ym29ed45,['Psykiatrisk vård (hbtqi)'],"['Psykiatrisk vård för hbtqi-personer', 'Psykvård för hbtqi-personer']"
http://www.wikidata.org/entity/Q123851067,['Partners till transpersoner'],[],https://queerlit.dh.gu.se/qlit/v1/bk45ul19,['Partners till transpersoner'],[]
http://www.wikidata.org/entity/Q116462242,['Konst (HBTQI)'],[],https://queerlit.dh.gu.se/qlit/v1/pu79ko70,['Konst (hbtqi)'],[]
http://www.wikidata.org/entity/Q722735,['switch'],[],https://queerlit.dh.gu.se/qlit/v1/gn70nk07,['Switchar (BDSM)'],[]
http://www.wikidata.org/entity/Q5891541,['homofil'],[],https://queerlit.dh.gu.se/qlit/v1/qb27dx51,['Homofiler'],[]
http://www.wikidata.org/entity/Q123851519,['Garderobslesbiska'],[],https://queerlit.dh.gu.se/qlit/v1/qy59io46,['Garderobslesbiska'],"['Smygflator', 'Smyglesbianer', 'Smyglesbiska']"
http://www.wikidata.org/entity/Q2914207,['radikalfeminism'],['Socialistisk radikalfeminism'],https://queerlit.dh.gu.se/qlit/v1/ps08qr95,['Radikalfeminism'],[]
http://www.wikidata.org/entity/Q123851683,['Läderfamiljer'],[],https://queerlit.dh.gu.se/qlit/v1/wo70nt95,['Läderfamiljer'],[]
http://www.wikidata.org/entity/Q123851643,['Transkultur'],[],https://queerlit.dh.gu.se/qlit/v1/un13ce14,['Transkultur'],[]
http://www.wikidata.org/entity/Q123851674,['Adoptivfamiljer (HBTQI)'],[],https://queerlit.dh.gu.se/qlit/v1/we86xm62,['Adoptivfamiljer (hbtqi)'],[]
http://www.wikidata.org/entity/Q123851540,['Bisexuella par'],[],https://queerlit.dh.gu.se/qlit/v1/ri69ha29,['Bisexuella par'],[]
http://www.wikidata.org/entity/Q123851455,['Fosterfamiljer (HBTQI)'],[],https://queerlit.dh.gu.se/qlit/v1/pm79to26,['Fosterfamiljer (hbtqi)'],[]
http://www.wikidata.org/entity/Q123851632,['Hinduism (HBTQI)'],[],https://queerlit.dh.gu.se/qlit/v1/uf02zz01,['Hinduism (hbtqi)'],"['Hbtqi-hinduer', 'Hinduer (hbtqi)']"
http://www.wikidata.org/entity/Q123851412,['Transmaskulina'],[],https://queerlit.dh.gu.se/qlit/v1/nv29rf04,['Transmaskulina'],[]
http://www.wikidata.org/entity/Q123851687,['Klitorissex'],[],https://queerlit.dh.gu.se/qlit/v1/wt70sq05,['Klitorissex'],[]
http://www.wikidata.org/entity/Q610757,['Homosocialitet'],[],https://queerlit.dh.gu.se/qlit/v1/xv86md55,['Homosocialitet'],[]
http://www.wikidata.org/entity/Q123851302,['Förföljelse av transpersoner'],[],https://queerlit.dh.gu.se/qlit/v1/jp81au66,['Förföljelse av transpersoner'],[]
http://www.wikidata.org/entity/Q123851150,['Transpar'],[],https://queerlit.dh.gu.se/qlit/v1/eh13ix50,['Transpar'],[]
http://www.wikidata.org/entity/Q123851721,['Queera personer'],[],https://queerlit.dh.gu.se/qlit/v1/yd09fz28,['Queera personer'],['Queers']
http://www.wikidata.org/entity/Q123851164,['Ursprungsamerikaner (HBTQI)'],[],https://queerlit.dh.gu.se/qlit/v1/et08az97,['Ursprungsamerikaner (hbtqi)'],"['Amerikansk ursprungsbefolkning (hbtqi)', 'First nations (hbtqi)', 'Indianer (hbtqi)', 'Urfolksamerikaner (hbtqi)']"
http://www.wikidata.org/entity/Q64737936,['allosexualitet'],[],https://queerlit.dh.gu.se/qlit/v1/br29bz72,['Allosexualitet'],[]
http://www.wikidata.org/entity/Q388768,['Analkulor'],[],https://queerlit.dh.gu.se/qlit/v1/ab59jh24,['Analkulor'],[]
http://www.wikidata.org/entity/Q123851083,['Transgemenskaper'],[],https://queerlit.dh.gu.se/qlit/v1/bw74og01,['Transgemenskaper'],['Transcommunityt']
http://www.wikidata.org/entity/Q427173,['Bostonäktenskap'],[],https://queerlit.dh.gu.se/qlit/v1/pb81ks09,['Bostonäktenskap'],[]
http://www.wikidata.org/entity/Q123851163,['Transfamiljer'],[],https://queerlit.dh.gu.se/qlit/v1/es72xt95,['Transfamiljer'],[]
http://www.wikidata.org/entity/Q123851260,['Nyutkomna bögar'],[],https://queerlit.dh.gu.se/qlit/v1/ik01ja84,['Nyutkomna bögar'],[]
http://www.wikidata.org/entity/Q123851214,['Prostituerade bisexuella'],[],https://queerlit.dh.gu.se/qlit/v1/hb45um93,['Prostituerade bisexuella'],[]
http://www.wikidata.org/entity/Q335925,['Undergiven'],['undergivelse'],https://queerlit.dh.gu.se/qlit/v1/wm33rr79,['Undergivna (hbtqi)'],[]
http://www.wikidata.org/entity/Q123851245,['Cubs'],[],https://queerlit.dh.gu.se/qlit/v1/ib13vc99,['Cubs'],[]
http://www.wikidata.org/entity/Q4154060,['Dyke March'],[],https://queerlit.dh.gu.se/qlit/v1/se35jv42,['Dyke march'],[]
http://www.wikidata.org/entity/Q123851140,['Shintoism (HBTQI)'],[],https://queerlit.dh.gu.se/qlit/v1/dy42iq34,['Shintoism (hbtqi)'],"['Shinto (hbtqi)', 'Shintoister (hbtqi)']"
http://www.wikidata.org/entity/Q123851090,['Underlivskirurgi (transpersoner)'],[],https://queerlit.dh.gu.se/qlit/v1/ca74me52,['Underlivskirurgi (transpersoner)'],"['Falloplastik', 'Femininiserande underlivskirurgi', 'Könsbekräftande underlivskirurgi', 'Maskuliniserande underlivskirurgi', 'Metoidioplastik']"
http://www.wikidata.org/entity/Q123851153,['Prostituerade bögar'],[],https://queerlit.dh.gu.se/qlit/v1/ei11ju25,['Prostituerade bögar'],[]
http://www.wikidata.org/entity/Q123851308,['Arresteringar av HBTQI-personer'],[],https://queerlit.dh.gu.se/qlit/v1/jw79oy99,['Arresteringar av hbtqi-personer'],[]
http://www.wikidata.org/entity/Q15145778,['cisman'],[],https://queerlit.dh.gu.se/qlit/v1/tc60ce15,['Cismän'],[]
http://www.wikidata.org/entity/Q123851370,['Skådespelare (HBTQI)'],[],https://queerlit.dh.gu.se/qlit/v1/mg63da79,['Skådespelare (hbtqi)'],['Skådespelerskor (hbtqi)']
http://www.wikidata.org/entity/Q3366838,['patrialism'],['kroppsdelsfetischism'],https://queerlit.dh.gu.se/qlit/v1/xf51um26,['Partialism'],['Kroppsdelsfetischism']
http://www.wikidata.org/entity/Q1454125,['Sexköpare'],"['Sexköp', 'Könsköpare', 'Torsk']",https://queerlit.dh.gu.se/qlit/v1/qe03yc73,['Sexköpare'],"['Laxar', 'Torskar']"
http://www.wikidata.org/entity/Q1297897,['sexarbete'],[],https://queerlit.dh.gu.se/qlit/v1/oa79zq45,['Sexarbete'],[]
http://www.wikidata.org/entity/Q123851676,['Ballroomfamiljer'],[],https://queerlit.dh.gu.se/qlit/v1/wg03fj93,['Ballroomfamiljer'],['Ballroomhus']
http://www.wikidata.org/entity/Q123851132,['Ateism (HBTQI)'],[],https://queerlit.dh.gu.se/qlit/v1/do74lo00,['Ateism (hbtqi)'],['Ateister (hbtqi)']
http://www.wikidata.org/entity/Q123851326,['Sexuella riskbeteenden'],[],https://queerlit.dh.gu.se/qlit/v1/kn59jd20,['Sexuella riskbeteenden'],[]
http://www.wikidata.org/entity/Q1974238,['erotisk massage'],[],https://queerlit.dh.gu.se/qlit/v1/kd86jk33,['Erotisk massage'],[]
http://www.wikidata.org/entity/Q112871990,['pansexuell'],[],https://queerlit.dh.gu.se/qlit/v1/qs74zg73,['Pansexuella'],['Omnisexuella']
http://www.wikidata.org/entity/Q123851367,['Konfucianism (HBTQI)'],[],https://queerlit.dh.gu.se/qlit/v1/mc95lg55,['Konfucianism (hbtqi)'],"['Hbtqi-konfucianister', 'Konfucianister (hbtqi)']"
http://www.wikidata.org/entity/Q123851628,['Partners till lesbiska'],[],https://queerlit.dh.gu.se/qlit/v1/tz63rg85,['Partners till lesbiska'],[]
http://www.wikidata.org/entity/Q123851147,['Partners till bögar'],[],https://queerlit.dh.gu.se/qlit/v1/ed80ly99,['Partners till bögar'],[]
http://www.wikidata.org/entity/Q207850,['erogena zoner'],"['erogen zon', 'erotiska zoner']",https://queerlit.dh.gu.se/qlit/v1/nw90qo62,['Erogena zoner'],['Erogena kroppsdelar']
http://www.wikidata.org/entity/Q123851099,['Inverterade'],[],https://queerlit.dh.gu.se/qlit/v1/cm51lf45,['Inverterade'],"['Sexualinverterade', 'Sexuellt inverterade']"
http://www.wikidata.org/entity/Q123851394,['Valda familjer (HBTQI)'],[],https://queerlit.dh.gu.se/qlit/v1/nc18mo76,['Valda familjer (hbtqi)'],[]
http://www.wikidata.org/entity/Q123851350,['Kravaller (HBTQI)'],[],https://queerlit.dh.gu.se/qlit/v1/lj92bs38,['Kravaller (hbtqi)'],"['Gatustrider (hbtqi)', 'Upplopp (hbtqi)', 'Uppror (hbtqi)']"
http://www.wikidata.org/entity/Q123851192,['Suicid (HBTQI)'],[],https://queerlit.dh.gu.se/qlit/v1/ga83rh19,['Suicid (hbtqi)'],['Självmord (hbtqi)']
http://www.wikidata.org/entity/Q123851354,['Aids-minnesmärken'],[],https://queerlit.dh.gu.se/qlit/v1/ll04wu93,['Aids-minnesmärken'],['AIDS Memorial Quilt']
http://www.wikidata.org/entity/Q123851362,['Aktionskampanjer (HBTQI)'],[],https://queerlit.dh.gu.se/qlit/v1/lx82wc09,['Aktionskampanjer (hbtqi)'],[]
http://www.wikidata.org/entity/Q123851706,['Könsväxlingar'],[],https://queerlit.dh.gu.se/qlit/v1/xr55rs91,['Könsväxlingar'],"['Köns-förvandlingar', 'Köns-växlingar', 'Könsförvandlingar']"
http://www.wikidata.org/entity/Q1662673,['genusvetenskap'],"['könsforskning', 'genusforskning', 'genusperspektivet']",https://queerlit.dh.gu.se/qlit/v1/pq04vl34,['Genusvetenskap'],[]
http://www.wikidata.org/entity/Q123851651,['Demonstrationer (HBTQI)'],[],https://queerlit.dh.gu.se/qlit/v1/uv36xq74,['Demonstrationer (hbtqi)'],[]
http://www.wikidata.org/entity/Q123851339,['Inuiter (HBTQI)'],[],https://queerlit.dh.gu.se/qlit/v1/ld35mi88,['Inuiter (hbtqi)'],"['Eskimåer (hbtqi)', 'Hbtqi-eskimåer', 'Hbtqi-inuiter']"
http://www.wikidata.org/entity/Q123851668,['Telefonsexarbetare'],[],https://queerlit.dh.gu.se/qlit/v1/vr87jw11,['Telefonsexarbetare'],['Telefonsexsäljare']
http://www.wikidata.org/entity/Q123851737,['Ortodox kristendom (HBTQI)'],[],https://queerlit.dh.gu.se/qlit/v1/ym43ji04,['Ortodox kristendom (hbtqi)'],"['Ortodoxa kristna (hbtqi)', 'Ortodoxt kristna (hbtqi)']"
http://www.wikidata.org/entity/Q853451,['Män som har sex med män'],['Msm'],https://queerlit.dh.gu.se/qlit/v1/vg32jf51,['Män som har sex med män'],"['MSM', 'Samkönsälskande män']"
http://www.wikidata.org/entity/Q123851501,['Historiska termer (HBTQI)'],[],https://queerlit.dh.gu.se/qlit/v1/qj48lh67,['Historiska termer (hbtqi)'],"['Föråldrade begrepp (hbtqi)', 'Föråldrade ord (hbtqi)', 'Föråldrade termer (hbtqi)', 'Historiska begrepp (hbtqi)']"
http://www.wikidata.org/entity/Q123851310,['Ensamstående föräldrar (HBTQI)'],[],https://queerlit.dh.gu.se/qlit/v1/jz19cb14,['Ensamstående föräldrar (hbtqi)'],[]
http://www.wikidata.org/entity/Q1066302,['brottsprovokation'],['Bevisprovokation'],https://queerlit.dh.gu.se/qlit/v1/rc46qr59,['Brottsprovokation'],['Stingoperationer']
http://www.wikidata.org/entity/Q123851240,['Återvunna termer'],[],https://queerlit.dh.gu.se/qlit/v1/hv28qb07,['Återvunna termer'],"['Återvunna begrepp', 'Återvunna ord']"
http://www.wikidata.org/entity/Q123851114,['Civil olydnad (HBTQI)'],[],https://queerlit.dh.gu.se/qlit/v1/cv03vh77,['Civil olydnad (hbtqi)'],[]
http://www.wikidata.org/entity/Q123851160,['HBTQI-frigörelse'],[],https://queerlit.dh.gu.se/qlit/v1/eq42ai07,['Hbtqi-frigörelse'],"['Gay liberation movement', 'Homosexuell frigörelse']"
http://www.wikidata.org/entity/Q123851615,['Uteliv (HBTQI)'],[],https://queerlit.dh.gu.se/qlit/v1/tm21us57,['Uteliv (hbtqi)'],[]
http://www.wikidata.org/entity/Q123851181,['Vita HBTQI-personer'],[],https://queerlit.dh.gu.se/qlit/v1/fo21jj20,['Vita hbtqi-personer'],[]
http://www.wikidata.org/entity/Q123851639,['Läderpappor'],[],https://queerlit.dh.gu.se/qlit/v1/uk90xn87,['Läderpappor'],[]
http://www.wikidata.org/entity/Q123851650,['Fångar (HBTQI)'],[],https://queerlit.dh.gu.se/qlit/v1/uu24kn16,['Fångar (hbtqi)'],"['Fängslade hbtqi-personer', 'Hbtqi-fångar', 'Intagna hbtqi-personer']"
http://www.wikidata.org/entity/Q123851057,['Lädermammor'],[],https://queerlit.dh.gu.se/qlit/v1/ax94ed37,['Lädermammor'],[]
http://www.wikidata.org/entity/Q123851324,['Motorcykelklubbar (HBTQI)'],[],https://queerlit.dh.gu.se/qlit/v1/km82jf95,['Motorcykelklubbar (hbtqi)'],['MC-klubbar (hbtqi)']
http://www.wikidata.org/entity/Q123851699,['Barnlängtan'],[],https://queerlit.dh.gu.se/qlit/v1/xf74zb26,['Barnlängtan'],[]
http://www.wikidata.org/entity/Q123851124,['Interkulturella relationer'],[],https://queerlit.dh.gu.se/qlit/v1/db65xf46,['Interkulturella relationer'],"['Förhållanden över kulturgränser', 'Interkulturella förhållanden', 'Relationer över kulturgränser', 'Tvärkulturella förhållanden', 'Tvärkulturella relationer']"
http://www.wikidata.org/entity/Q123851646,['Intersexrörelser'],[],https://queerlit.dh.gu.se/qlit/v1/up95qy96,['Intersexrörelser'],[]
http://www.wikidata.org/entity/Q123851097,['Papperslösa HBTQI-personer'],[],https://queerlit.dh.gu.se/qlit/v1/ch10wc66,['Papperslösa hbtqi-personer'],[]
http://www.wikidata.org/entity/Q123851672,['Nipple play'],[],https://queerlit.dh.gu.se/qlit/v1/vw24ij47,['Nipple play'],['Bröstvårtssex']
http://www.wikidata.org/entity/Q123851731,['Lesbiska flickor'],[],https://queerlit.dh.gu.se/qlit/v1/yj75on39,['Lesbiska flickor'],[]
http://www.wikidata.org/entity/Q123851128,['Blinda HBTQI-personer'],[],https://queerlit.dh.gu.se/qlit/v1/dn46oz03,['Blinda hbtqi-personer'],['Blinda (hbtqi)']
http://www.wikidata.org/entity/Q123851360,['Skolan (HBTQI)'],[],https://queerlit.dh.gu.se/qlit/v1/lv37kg53,['Skolan (hbtqi)'],"['Gymnasier (hbtqi)', 'Läroverk (hbtqi)', 'Skolor (hbtqi)', 'Undervisning (hbtqi)']"
http://www.wikidata.org/entity/Q123851082,['Icke-våld (HBTQI)'],[],https://queerlit.dh.gu.se/qlit/v1/bw67sm50,['Icke-våld (hbtqi)'],['Ickevåld (hbtqi)']
http://www.wikidata.org/entity/Q123851655,['Älskare (HBTQI)'],[],https://queerlit.dh.gu.se/qlit/v1/uy88np80,['Älskare (hbtqi)'],"['Amant (hbtqi)', 'Lovers (hbtqi)', 'Älskarinnor (hbtqi)']"
http://www.wikidata.org/entity/Q123851048,['Sexuella övergrepp (HBTQI)'],[],https://queerlit.dh.gu.se/qlit/v1/ap09ru04,['Sexuella övergrepp (hbtqi)'],['Våldäkt (hbtqi)']
http://www.wikidata.org/entity/Q123851614,['Ensamstående mammor (HBTQI)'],[],https://queerlit.dh.gu.se/qlit/v1/tl61ll06,['Ensamstående mammor (hbtqi)'],[]
http://www.wikidata.org/entity/Q123851765,['Offer för incest (HBTQI)'],[],https://queerlit.dh.gu.se/qlit/v1/zt39fx55,['Offer för incest (hbtqi)'],['Incestoffer (hbtqi)']
http://www.wikidata.org/entity/Q123851182,['Barn utsatta för sexuella övergrepp (HBTQI)'],[],https://queerlit.dh.gu.se/qlit/v1/fs01rm86,['Barn utsatta för sexuella övergrepp (hbtqi)'],[]
http://www.wikidata.org/entity/Q123851472,['Musiker (HBTQI)'],[],https://queerlit.dh.gu.se/qlit/v1/pt38yf87,['Musiker (hbtqi)'],[]
http://www.wikidata.org/entity/Q123851112,['Primära partners'],[],https://queerlit.dh.gu.se/qlit/v1/cu71ap39,['Primära partners'],"['Huvudsakliga partners', 'Primärpartners']"
http://www.wikidata.org/entity/Q123851305,['Äldreboenden (HBTQI)'],[],https://queerlit.dh.gu.se/qlit/v1/js21ua35,['Äldreboenden (hbtqi)'],['Ålderdomshem (hbtqi)']
http://www.wikidata.org/entity/Q123851050,['Samboavtal'],[],https://queerlit.dh.gu.se/qlit/v1/ar69hs67,['Samboavtal'],[]
http://www.wikidata.org/entity/Q123851286,['Draggemenskaper'],[],https://queerlit.dh.gu.se/qlit/v1/jf44kn92,['Draggemenskaper'],[]
http://www.wikidata.org/entity/Q123851738,['Hemlösa HBTQI-personer'],[],https://queerlit.dh.gu.se/qlit/v1/ym67gh06,['Hemlösa hbtqi-personer'],"['Bostadslösa hbtqi-personer', 'Uteliggare (hbtqi)']"
http://www.wikidata.org/entity/Q123851269,['Transrelationer'],[],https://queerlit.dh.gu.se/qlit/v1/ip90hk23,['Transrelationer'],[]
http://www.wikidata.org/entity/Q123851656,['Bröllop (HBTQI)'],[],https://queerlit.dh.gu.se/qlit/v1/uz31xm23,['Bröllop (hbtqi)'],[]
http://www.wikidata.org/entity/Q123851443,['Queerrörelser'],[],https://queerlit.dh.gu.se/qlit/v1/oy73zy99,['Queerrörelser'],['Queera rörelser']
http://www.wikidata.org/entity/Q123851399,['Skaffa barn (HBTQI)'],[],https://queerlit.dh.gu.se/qlit/v1/ni09mn87,['Skaffa barn (hbtqi)'],['Familjeplanering (hbtqi)']
http://www.wikidata.org/entity/Q123851764,['HBTQI-personer i avvänjning'],[],https://queerlit.dh.gu.se/qlit/v1/zt16av80,['Hbtqi-personer i avvänjning'],['Hbtqi-personer i 12-stegsprogram']
http://www.wikidata.org/entity/Q123851045,['Obesvarad kärlek (HBTQI)'],[],https://queerlit.dh.gu.se/qlit/v1/ai94lo42,['Obesvarad kärlek (hbtqi)'],[]
http://www.wikidata.org/entity/Q123851649,['Före detta partners (HBTQI)'],[],https://queerlit.dh.gu.se/qlit/v1/ut81fb61,['Före detta partners (hbtqi)'],['Ex-partners (hbtqi)']
http://www.wikidata.org/entity/Q123851052,['HBTQI-mötesplatser'],[],https://queerlit.dh.gu.se/qlit/v1/as34mb58,['Hbtqi-mötesplatser'],[]
http://www.wikidata.org/entity/Q123851596,['Idrottsföreningar (HBTQI)'],[],https://queerlit.dh.gu.se/qlit/v1/sk93nk73,['Idrottsföreningar (hbtqi)'],"['Idrottsklubbar (hbtqi)', 'Idrottssällskap (hbtqi)', 'Sportklubbar (hbtqi)']"
http://www.wikidata.org/entity/Q123851529,['Tvångsvård av HBTQI-personer'],[],https://queerlit.dh.gu.se/qlit/v1/rf98kk08,['Tvångsvård av hbtqi-personer'],[]
http://www.wikidata.org/entity/Q123851759,['Självförsvar (HBTQI)'],[],https://queerlit.dh.gu.se/qlit/v1/zl63wr47,['Självförsvar (hbtqi)'],[]
http://www.wikidata.org/entity/Q123851191,['Förtalskampanjer (HBTQI)'],[],https://queerlit.dh.gu.se/qlit/v1/ga50bh91,['Förtalskampanjer (hbtqi)'],['Smutskastningskampanjer (hbtqi)']
http://www.wikidata.org/entity/Q123851115,['Lädermän'],[],https://queerlit.dh.gu.se/qlit/v1/cv43ns83,['Lädermän'],[]
http://www.wikidata.org/entity/Q123851268,['Religiösa ledare (HBTQI)'],[],https://queerlit.dh.gu.se/qlit/v1/io88iy76,['Religiösa ledare (hbtqi)'],"['Imamer (hbtqi)', 'Mobadān (hbtqi)', 'Oshō (hbtqi)', 'Pastorer (hbtqi)', 'Präster (hbtqi)', 'Rabbiner (hbtqi)']"
http://www.wikidata.org/entity/Q2567462,['sexuell dominans'],[],https://queerlit.dh.gu.se/qlit/v1/gb03ie03,['Dominanta (hbtqi)'],[]
http://www.wikidata.org/entity/Q123851282,['Bisexuella rörelser'],[],https://queerlit.dh.gu.se/qlit/v1/iz53yr49,['Bisexuella rörelser'],[]
http://www.wikidata.org/entity/Q123851169,['Föräldrarätt'],[],https://queerlit.dh.gu.se/qlit/v1/ey75ly87,['Föräldrarätt'],[]
http://www.wikidata.org/entity/Q123851345,['Platonisk kärlek (HBTQI)'],[],https://queerlit.dh.gu.se/qlit/v1/lg97ic94,['Platonisk kärlek (hbtqi)'],[]
http://www.wikidata.org/entity/Q123851321,['Körer (HBTQI)'],[],https://queerlit.dh.gu.se/qlit/v1/km22hn65,['Körer (hbtqi)'],"['Hbtqi-körer', 'Regnbågskörer']"
http://www.wikidata.org/entity/Q123851541,['Schamanism (HBTQI)'],[],https://queerlit.dh.gu.se/qlit/v1/rj61bd65,['Schamanism (hbtqi)'],"['Noaidi (hbtqi)', 'Noajdde (hbtqi)', 'Nåejti (hbtqi)', 'Nåjder (hbtqi)', 'Schamaner (hbtqi)', 'Shamaner (hbtqi)', 'Shamanism (hbtqi)']"
http://www.wikidata.org/entity/Q123851285,['Ensamstående pappor (HBTQI)'],[],https://queerlit.dh.gu.se/qlit/v1/je73wy14,['Ensamstående pappor (hbtqi)'],[]
http://www.wikidata.org/entity/Q123851385,['Kompisvård (HBTQI)'],[],https://queerlit.dh.gu.se/qlit/v1/mt82qy45,['Kompisvård (hbtqi)'],"['Buddies', 'Buddy care', 'Buddy-omsorg', 'Buddy-vård', 'Kamratomsorg (hbtqi)', 'Kamratvård (hbtqi)', 'Kompisomsorg (hbtqi)']"
http://www.wikidata.org/entity/Q123851288,['Självförtryck (HBTQI)'],[],https://queerlit.dh.gu.se/qlit/v1/jg76es99,['Självförtryck (hbtqi)'],"['Internaliserad hbtqi-fobi', 'Internaliserat förtryck (hbtqi)']"
http://www.wikidata.org/entity/Q123851633,['Etniska grupper (HBTQI)'],[],https://queerlit.dh.gu.se/qlit/v1/ug69ck69,['Etniska grupper (hbtqi)'],['Folkgrupper (hbtqi)']
http://www.wikidata.org/entity/Q123851148,['Sexuella roller'],[],https://queerlit.dh.gu.se/qlit/v1/ef49js51,['Sexuella roller'],[]
http://www.wikidata.org/entity/Q123851702,['Metamourer'],[],https://queerlit.dh.gu.se/qlit/v1/xm29te76,['Metamourer'],[]
http://www.wikidata.org/entity/Q123851405,['Megasexualitet'],[],https://queerlit.dh.gu.se/qlit/v1/nl71fq44,['Megasexualitet'],[]
http://www.wikidata.org/entity/Q123851625,['Bokcirklar (HBTQI)'],[],https://queerlit.dh.gu.se/qlit/v1/tx64rj03,['Bokcirklar (hbtqi)'],[]
http://www.wikidata.org/entity/Q123851341,['Frihetsberövande av HBTQI-personer'],[],https://queerlit.dh.gu.se/qlit/v1/le14is10,['Frihetsberövande av hbtqi-personer'],"['Fängslande av hbtqi-personer', 'Förvar av hbtqi-personer', 'Häktning av hbtqi-personer', 'Internering av hbtqi-personer']"
http://www.wikidata.org/entity/Q123851449,['Flyktingar (HBTQI)'],[],https://queerlit.dh.gu.se/qlit/v1/pi77tc72,['Flyktingar (hbtqi)'],['Hbtqi-flyktingar']
http://www.wikidata.org/entity/Q123851242,['Rituell homosexualitet'],[],https://queerlit.dh.gu.se/qlit/v1/hz00ry27,['Rituell homosexualitet'],[]
http://www.wikidata.org/entity/Q123851465,['Gummisex'],[],https://queerlit.dh.gu.se/qlit/v1/pp33on45,['Gummisex'],[]
http://www.wikidata.org/entity/Q123851701,['Barn till bisexuella'],[],https://queerlit.dh.gu.se/qlit/v1/xg52hd15,['Barn till bisexuella'],[]
http://www.wikidata.org/entity/Q123851277,['Relationspreferens'],[],https://queerlit.dh.gu.se/qlit/v1/ix39kn40,['Relationspreferens'],[]
http://www.wikidata.org/entity/Q123851681,['Pojkars vänskap'],[],https://queerlit.dh.gu.se/qlit/v1/wm72qx84,['Pojkars vänskap'],"['Killars vänskap', 'Killkompisar']"
http://www.wikidata.org/entity/Q123851208,['Separationer (HBTQI)'],[],https://queerlit.dh.gu.se/qlit/v1/gx93ym52,['Separationer (hbtqi)'],[]
http://www.wikidata.org/entity/Q123851404,['Officiell dokumentation'],[],https://queerlit.dh.gu.se/qlit/v1/nk19mk45,['Officiell dokumentation'],[]
http://www.wikidata.org/entity/Q123851357,['Brottsoffer (HBTQI)'],[],https://queerlit.dh.gu.se/qlit/v1/ln82yo33,['Brottsoffer (hbtqi)'],['Hbtqi-personer som brottsoffer']
http://www.wikidata.org/entity/Q123851644,['Migranter (HBTQI)'],[],https://queerlit.dh.gu.se/qlit/v1/un62lw62,['Migranter (hbtqi)'],"['Emigranter (hbtqi)', 'Immigranter (hbtqi)']"
http://www.wikidata.org/entity/Q123851704,['Megasexuella'],[],https://queerlit.dh.gu.se/qlit/v1/xo37sy14,['Megasexuella'],[]
http://www.wikidata.org/entity/Q123851250,['Studentföreningar (HBTQI)'],[],https://queerlit.dh.gu.se/qlit/v1/ie50ey03,['Studentföreningar (hbtqi)'],[]
http://www.wikidata.org/entity/Q106688046,['könseufori'],[],https://queerlit.dh.gu.se/qlit/v1/or82kx62,['Könseufori'],"['Kroppseufori', 'Köns-eufori']"
http://www.wikidata.org/entity/Q123851398,['Heterofeminism'],[],https://queerlit.dh.gu.se/qlit/v1/ng82qy03,['Heterofeminism'],['Heterosexuell feminism']
http://www.wikidata.org/entity/Q123851732,['Samvetsfångar (HBTQI)'],[],https://queerlit.dh.gu.se/qlit/v1/yj80eb84,['Samvetsfångar (hbtqi)'],['Hbtqi-samvetsfångar']
http://www.wikidata.org/entity/Q123851409,['Radio (HBTQI)'],[],https://queerlit.dh.gu.se/qlit/v1/nm98ii60,['Radio (hbtqi)'],['Gayradio']
http://www.wikidata.org/entity/Q123851200,['Fängelsestraff (HBTQI)'],[],https://queerlit.dh.gu.se/qlit/v1/gh92ro49,['Fängelsestraff (hbtqi)'],[]
http://www.wikidata.org/entity/Q123851724,['Flickors vänskap'],[],https://queerlit.dh.gu.se/qlit/v1/ye44ho27,['Flickors vänskap'],[]
http://www.wikidata.org/entity/Q123851077,['Partnerpreferens'],[],https://queerlit.dh.gu.se/qlit/v1/bu52ty56,['Partnerpreferens'],[]
http://www.wikidata.org/entity/Q123851451,['Rollbeteende'],[],https://queerlit.dh.gu.se/qlit/v1/pj39xm88,['Rollbeteende'],[]
http://www.wikidata.org/entity/Q123851046,['Sociala processer (HBTQI)'],[],https://queerlit.dh.gu.se/qlit/v1/aj40pz93,['Sociala processer (hbtqi)'],[]
http://www.wikidata.org/entity/Q123851359,['Lobbning (HBTQI)'],[],https://queerlit.dh.gu.se/qlit/v1/lv06qu73,['Lobbning (hbtqi)'],"['Hbtqi-lobbning', 'Hbtqi-lobbying', 'Lobbying (hbtqi)', 'Påverkansarbete (hbtqi)']"
http://www.wikidata.org/entity/Q123851232,['Familjerätt (HBTQI)'],[],https://queerlit.dh.gu.se/qlit/v1/ho87ol42,['Familjerätt (hbtqi)'],[]
http://www.wikidata.org/entity/Q123851662,['Androgyna personer'],[],https://queerlit.dh.gu.se/qlit/v1/vk43qf93,['Androgyna personer'],[]
http://www.wikidata.org/entity/Q384873,['koppel'],[],https://queerlit.dh.gu.se/qlit/v1/qj64si34,['Koppel'],[]
http://www.wikidata.org/entity/Q123851377,['Förläggare (HBTQI)'],[],https://queerlit.dh.gu.se/qlit/v1/mm52zy83,['Förläggare (hbtqi)'],[]
http://www.wikidata.org/entity/Q123851060,['Intolerans mot HBTQI-personer'],[],https://queerlit.dh.gu.se/qlit/v1/ba31au62,['Intolerans mot hbtqi-personer'],['Missaktning mot hbtqi-personer']
http://www.wikidata.org/entity/Q123851717,['Personer som lever med välbehandlad hiv'],[],https://queerlit.dh.gu.se/qlit/v1/yb64ty36,['Personer som lever med välbehandlad hiv'],['Personer som lever med smittfri hiv']
http://www.wikidata.org/entity/Q123851102,['Lersex'],[],https://queerlit.dh.gu.se/qlit/v1/co37xi02,['Lersex'],[]
http://www.wikidata.org/entity/Q123851272,['Hemlösa HBTQI-ungdomar'],[],https://queerlit.dh.gu.se/qlit/v1/iq97le56,['Hemlösa hbtqi-ungdomar'],[]
http://www.wikidata.org/entity/Q123851107,['Partners till transvestiter'],[],https://queerlit.dh.gu.se/qlit/v1/cq53ib88,['Partners till transvestiter'],['Partners till crossdressers']
http://www.wikidata.org/entity/Q123851061,['Asylrätt (HBTQI)'],[],https://queerlit.dh.gu.se/qlit/v1/be84pp13,['Asylrätt (hbtqi)'],[]
http://www.wikidata.org/entity/Q123851590,['Läderkvinnor'],[],https://queerlit.dh.gu.se/qlit/v1/sh22xj49,['Läderkvinnor'],[]
http://www.wikidata.org/entity/Q123851257,['HBTQI-föreningar'],[],https://queerlit.dh.gu.se/qlit/v1/ij02nz52,['Hbtqi-föreningar'],[]
http://www.wikidata.org/entity/Q123851230,['Somatisk vård (HBTQI)'],[],https://queerlit.dh.gu.se/qlit/v1/hl34qn20,['Somatisk vård (hbtqi)'],['Somatisk vård för hbtqi-personer']
http://www.wikidata.org/entity/Q123851368,['Litterära salonger (HBTQI)'],[],https://queerlit.dh.gu.se/qlit/v1/mc95vp00,['Litterära salonger (hbtqi)'],[]
http://www.wikidata.org/entity/Q123851657,['Skilsmässor (HBTQI)'],[],https://queerlit.dh.gu.se/qlit/v1/uz47hv66,['Skilsmässor (hbtqi)'],[]
http://www.wikidata.org/entity/Q123851719,['Andlighet (HBTQI)'],[],https://queerlit.dh.gu.se/qlit/v1/yc84up13,['Andlighet (hbtqi)'],['Spiritualitet (hbtqi)']
http://www.wikidata.org/entity/Q123851767,['Kollektiv (HBTQI)'],[],https://queerlit.dh.gu.se/qlit/v1/zw83ms79,['Kollektiv (hbtqi)'],[]
http://www.wikidata.org/entity/Q123851108,['Förnekande av sexuell läggning'],[],https://queerlit.dh.gu.se/qlit/v1/cq64hl00,['Förnekande av sexuell läggning'],[]
http://www.wikidata.org/entity/Q123851392,['Aboriginer (HBTQI)'],[],https://queerlit.dh.gu.se/qlit/v1/na27vd54,['Aboriginer (hbtqi)'],['Hbtqi-aboriginer']
http://www.wikidata.org/entity/Q945895,['dekadens'],"['Dekadent', 'Dekadans']",https://queerlit.dh.gu.se/qlit/v1/hl99rr34,['Dekadens'],[]
http://www.wikidata.org/entity/Q123851298,['Hierarkisk icke-monogami'],[],https://queerlit.dh.gu.se/qlit/v1/jm38qk98,['Hierarkisk icke-monogami'],['Hierarkisk polyamori']
http://www.wikidata.org/entity/Q1458153,['läkarintyg'],[],https://queerlit.dh.gu.se/qlit/v1/qb68kn73,['Läkarutlåtanden'],[]
http://www.wikidata.org/entity/Q123851267,['Queera relationer'],[],https://queerlit.dh.gu.se/qlit/v1/io33bc56,['Queera relationer'],[]
http://www.wikidata.org/entity/Q123851635,['Paganism (HBTQI)'],[],https://queerlit.dh.gu.se/qlit/v1/ui03us88,['Paganism (hbtqi)'],"['Hedendom (hbtqi)', 'Hedningar (hbtqi)', 'Paganister (hbtqi)']"
http://www.wikidata.org/entity/Q123851284,['Pappor till intersexpersoner'],[],https://queerlit.dh.gu.se/qlit/v1/je63sm61,['Pappor till intersexpersoner'],"['Fäder till intersexpersoner', 'Intersexpersoners fäder', 'Intersexpersoners pappor']"
http://www.wikidata.org/entity/Q123851582,['Barn till intersexpersoner'],[],https://queerlit.dh.gu.se/qlit/v1/sf24zw50,['Barn till intersexpersoner'],['Barn till intersexuella']
http://www.wikidata.org/entity/Q123851642,['Föräldrar till intersexpersoner'],[],https://queerlit.dh.gu.se/qlit/v1/um33qf35,['Föräldrar till intersexpersoner'],['Intersexpersoners föräldrar']
http://www.wikidata.org/entity/Q123851604,['Intersexrelationer'],[],https://queerlit.dh.gu.se/qlit/v1/sr72nr60,['Intersexrelationer'],[]
http://www.wikidata.org/entity/Q123851296,['Intersexföräldrar'],[],https://queerlit.dh.gu.se/qlit/v1/jm19os62,['Intersexföräldrar'],[]
http://www.wikidata.org/entity/Q123851414,['Dragartister'],[],https://queerlit.dh.gu.se/qlit/v1/nx46rw80,['Dragartister'],"['Drag', 'Dragshowartister']"
http://www.wikidata.org/entity/Q10541505,['Juridiskt kön'],[],https://queerlit.dh.gu.se/qlit/v1/jp21cy02,['Juridiskt kön'],[]
http://www.wikidata.org/entity/Q123851386,['Ryktesspridning (HBTQI)'],[],https://queerlit.dh.gu.se/qlit/v1/mw94xh06,['Ryktesspridning (hbtqi)'],['Skvaller (hbtqi)']
http://www.wikidata.org/entity/Q123851387,['Utpressning (HBTQI)'],[],https://queerlit.dh.gu.se/qlit/v1/mw98ml69,['Utpressning (hbtqi)'],[]
http://www.wikidata.org/entity/Q123851317,['Ickebinära barn'],[],https://queerlit.dh.gu.se/qlit/v1/kc33mv72,['Ickebinära barn'],['Icke-binära barn']
http://www.wikidata.org/entity/Q123851344,['Unga ickebinära'],[],https://queerlit.dh.gu.se/qlit/v1/lg40hw26,['Unga ickebinära'],['Ickebinära ungdomar']
http://www.wikidata.org/entity/Q123851196,['Mammor till HBTQI-personer'],[],https://queerlit.dh.gu.se/qlit/v1/gc11ac86,['Mammor till hbtqi-personer'],"['Hbtqi-personers mammor', 'Hbtqi-personers mödrar', 'Mödrar till hbtqi-personer']"
http://www.wikidata.org/entity/Q303479,['hermafrodit'],[],https://queerlit.dh.gu.se/qlit/v1/xs83yq66,['Hermafroditer'],[]
http://www.wikidata.org/entity/Q123851439,['Syskon (HBTQI)'],[],https://queerlit.dh.gu.se/qlit/v1/ow08sf46,['Syskon (hbtqi)'],"['Bröder (hbtqi)', 'Hbtqi-bröder', 'Hbtqi-systrar', 'Regnbågssyskon', 'Systrar (hbtqi)']"
http://www.wikidata.org/entity/Q123851749,['Intersexpar'],[],https://queerlit.dh.gu.se/qlit/v1/yx47kl56,['Intersexpar'],[]
http://www.wikidata.org/entity/Q123851066,['Intersexfamiljer'],[],https://queerlit.dh.gu.se/qlit/v1/bk40bw82,['Intersexfamiljer'],[]
http://www.wikidata.org/entity/Q123851074,['Mammor till intersexpersoner'],[],https://queerlit.dh.gu.se/qlit/v1/bp52jf13,['Mammor till intersexpersoner'],"['Intersexpersoners mammor', 'Intersexpersoners mödrar', 'Mödrar till intersexpersoner']"
http://www.wikidata.org/entity/Q123851035,['Heterosexuella barn'],[],https://queerlit.dh.gu.se/qlit/v1/ac07ta86,['Heterosexuella barn'],[]
http://www.wikidata.org/entity/Q123851123,['Mammor till queera personer'],[],https://queerlit.dh.gu.se/qlit/v1/db65rd76,['Mammor till queera personer'],"['Mödrar till queera personer', 'Queera personers mammor', 'Queera personers mödrar']"
http://www.wikidata.org/entity/Q123851280,['Föräldrar till ickebinära personer'],[],https://queerlit.dh.gu.se/qlit/v1/iy72dm08,['Föräldrar till ickebinära personer'],['Ickebinäras föräldrar']
http://www.wikidata.org/entity/Q123851256,['Intersexgemenskaper'],[],https://queerlit.dh.gu.se/qlit/v1/ii22pz18,['Intersexgemenskaper'],['Intersexcommunityt']
http://www.wikidata.org/entity/Q123851144,['Unga bisexuella män'],[],https://queerlit.dh.gu.se/qlit/v1/ec50im78,['Unga bisexuella män'],"['Manliga bisexuella tonåringar', 'Manliga bisexuella ungdomar']"
http://www.wikidata.org/entity/Q123851493,['Partners till intersexpersoner'],[],https://queerlit.dh.gu.se/qlit/v1/qf48vc57,['Partners till intersexpersoner'],[]
http://www.wikidata.org/entity/Q123851038,['Pappor till HBTQI-personer'],[],https://queerlit.dh.gu.se/qlit/v1/ad66zi96,['Pappor till hbtqi-personer'],"['Fäder till hbtqi-personer', 'Hbtqi-personers fäder', 'Hbtqi-personers pappor']"
http://www.wikidata.org/entity/Q954065,['ergi'],['argr'],https://queerlit.dh.gu.se/qlit/v1/iy88so72,['Ergi'],"['Argr', 'Ragr']"
http://www.wikidata.org/entity/Q123851709,['Häxor (HBTQI)'],[],https://queerlit.dh.gu.se/qlit/v1/xw74zj20,['Häxor (hbtqi)'],[]
http://www.wikidata.org/entity/Q123851444,['Förföljelse av intersexpersoner'],[],https://queerlit.dh.gu.se/qlit/v1/pb90wc68,['Förföljelse av intersexpersoner'],[]
http://www.wikidata.org/entity/Q123851471,['Homosexuella familjer'],[],https://queerlit.dh.gu.se/qlit/v1/ps79pk16,['Homosexuella familjer'],[]
http://www.wikidata.org/entity/Q123851442,['Sapfister'],[],https://queerlit.dh.gu.se/qlit/v1/ox94in52,['Sapfister'],"['Sapfiska kvinnor', 'Sapfist', 'Sapphist', 'Sapphister']"
http://www.wikidata.org/entity/Q123851666,['Mammor till ickebinära personer'],[],https://queerlit.dh.gu.se/qlit/v1/vr81mp20,['Mammor till ickebinära personer'],"['Ickebinäras mammor', 'Ickebinäras mödrar', 'Mödrar till ickebinära personer']"
http://www.wikidata.org/entity/Q123851506,['Kärlek mellan flickor'],[],https://queerlit.dh.gu.se/qlit/v1/qo25ba41,['Kärlek mellan flickor'],['Kärlek mellan tjejer']
http://www.wikidata.org/entity/Q123851429,['Såna (HBTQI)'],[],https://queerlit.dh.gu.se/qlit/v1/om71eq87,['Såna (hbtqi)'],"[""Så'n (hbtqi)"", ""Så'na (hbtqi)"", 'Sådana (hbtqi)', 'Sådandär (hbtqi)', 'Sån (hbtqi)', 'Sånadär (hbtqi)']"
http://www.wikidata.org/entity/Q123851365,['Unga transkvinnor'],[],https://queerlit.dh.gu.se/qlit/v1/ma78to45,['Unga transkvinnor'],"['Kvinnliga transtonåringar', 'Kvinnliga transungdomar']"
http://www.wikidata.org/entity/Q123851480,['Kärlek mellan kvinnor'],[],https://queerlit.dh.gu.se/qlit/v1/px69nf52,['Kärlek mellan kvinnor'],[]
http://www.wikidata.org/entity/Q123851453,['Mäns femininitet'],[],https://queerlit.dh.gu.se/qlit/v1/pm44fs90,['Mäns femininitet'],"['Feminina män', 'Kvinnliga män', 'Manlig femininitet', 'Manlig kvinnlighet', 'Maskulin femininitet', 'Maskulin kvinnlighet', 'Mäns kvinnlighet']"
http://www.wikidata.org/entity/Q123851236,['Afrikanska religioner (HBTQI)'],[],https://queerlit.dh.gu.se/qlit/v1/hq87uz64,['Afrikanska religioner (hbtqi)'],[]
http://www.wikidata.org/entity/Q123851105,['Biologiska föräldrar (HBTQI)'],[],https://queerlit.dh.gu.se/qlit/v1/cq26sv65,[],[]
http://www.wikidata.org/entity/Q123851338,['Regnbågssymbolik (HBTQI)'],[],https://queerlit.dh.gu.se/qlit/v1/lc03jf41,['Regnbågssymbolik (hbtqi)'],[]
http://www.wikidata.org/entity/Q123851152,['Tema: Relationer (HBTQI)'],[],https://queerlit.dh.gu.se/qlit/v1/eh72ht67,['Tema: Relationer (hbtqi)'],[]
http://www.wikidata.org/entity/Q123851133,['Tema: Kultur och fritid (HBTQI)'],[],https://queerlit.dh.gu.se/qlit/v1/dp07bs97,['Tema: Kultur och fritid (hbtqi)'],[]
http://www.wikidata.org/entity/Q123851489,['Känslor (HBTQI)'],[],https://queerlit.dh.gu.se/qlit/v1/qd17qs25,['Känslor (hbtqi)'],[]
http://www.wikidata.org/entity/Q123851616,['Pappor till homosexuella'],[],https://queerlit.dh.gu.se/qlit/v1/tm80vg73,['Pappor till homosexuella'],"['Fäder till homosexuella', 'Homosexuellas fäder', 'Homosexuellas pappor']"
http://www.wikidata.org/entity/Q123851754,['Kärlek mellan pojkar'],[],https://queerlit.dh.gu.se/qlit/v1/ze99bm54,['Kärlek mellan pojkar'],['Kärlek mellan killar']
http://www.wikidata.org/entity/Q123851080,['Könsidentitetsutredning'],[],https://queerlit.dh.gu.se/qlit/v1/bw23bo45,['Könsidentitetsutredning'],"['Fastställande av könstillhörighet i vissa fall', 'Könsdysforiutredning', 'Könsutredning']"
http://www.wikidata.org/entity/Q123851155,['Två pappor'],[],https://queerlit.dh.gu.se/qlit/v1/el38sj28,['Två pappor'],"['Två farsor', 'Två fäder']"
http://www.wikidata.org/entity/Q18552270,['Sugardejting'],[],https://queerlit.dh.gu.se/qlit/v1/na14gr08,['Sugardejting'],"['Sugar babies', 'Sugar daddies', 'Sugar dating', 'Sugar mamas', 'Sugar-dejting', 'Sugar-dejtning', 'Sugardating', 'Sugardejtning']"
http://www.wikidata.org/entity/Q123851340,['Dansare (HBTQI)'],[],https://queerlit.dh.gu.se/qlit/v1/ld59bo28,['Dansare (hbtqi)'],[]
http://www.wikidata.org/entity/Q123851584,['Okönade äldre'],[],https://queerlit.dh.gu.se/qlit/v1/sf83mb17,['Okönade äldre'],[]
http://www.wikidata.org/entity/Q123851684,['Tema: Rörelser och rättigheter (HBTQI)'],[],https://queerlit.dh.gu.se/qlit/v1/wp43vv13,['Tema: Rörelser och rättigheter (hbtqi)'],[]
http://www.wikidata.org/entity/Q123851172,['Homosexuella föräldrar'],[],https://queerlit.dh.gu.se/qlit/v1/fg62ba53,['Homosexuella föräldrar'],[]
http://www.wikidata.org/entity/Q123851270,['Masters (HBTQI)'],[],https://queerlit.dh.gu.se/qlit/v1/iq08ee58,['Masters (hbtqi)'],[]
http://www.wikidata.org/entity/Q123851076,['Förvandlingssymbolik (HBTQI)'],[],https://queerlit.dh.gu.se/qlit/v1/bt16zp60,['Förvandlingssymbolik (hbtqi)'],[]
http://www.wikidata.org/entity/Q123851264,['Graviditet (HBTQI)'],[],https://queerlit.dh.gu.se/qlit/v1/il67cv51,['Graviditet (hbtqi)'],"['Bära barn (hbtqi)', 'Bärande föräldrar (hbtqi)', 'Gravida (hbtqi)', 'Havandeskap (hbtqi)']"
http://www.wikidata.org/entity/Q123851159,['Samer (HBTQI)'],[],https://queerlit.dh.gu.se/qlit/v1/ep67oc83,['Samer (hbtqi)'],"['Hbtqi-samer', 'Lappar (hbtqi)', 'Sámit (hbtqi)', 'Sápmelaččat (hbtqi)']"
http://www.wikidata.org/entity/Q123851361,['Mammor till homosexuella'],[],https://queerlit.dh.gu.se/qlit/v1/lw04vi58,['Mammor till homosexuella'],"['Homosexuellas mammor', 'Homosexuellas mödrar', 'Mödrar till homosexuella']"
http://www.wikidata.org/entity/Q123851122,['Bisexuell separatism'],[],https://queerlit.dh.gu.se/qlit/v1/db31do17,['Bisexuell separatism'],[]
http://www.wikidata.org/entity/Q123851079,['Symbolik (HBTQI)'],[],https://queerlit.dh.gu.se/qlit/v1/bv22nv79,['Symbolik (hbtqi)'],[]
http://www.wikidata.org/entity/Q123851677,['HBTQI-personer med NPF'],[],https://queerlit.dh.gu.se/qlit/v1/wg64bm19,['Hbtqi-personer med NPF'],"['Hbtqi-personer med neuropsykiatriska diagnoser', 'Hbtqi-personer med neuropsykiatriska funktionsnedsättningar', 'Hbtqi-personer med neuropsykiatriska funktionsvariationer', 'Neuroqueers']"
http://www.wikidata.org/entity/Q123851437,"['Tema: Diskriminering, hat och våld (HBTQI)']",[],https://queerlit.dh.gu.se/qlit/v1/ou65rx96,"['Tema: Diskriminering, hat och våld (hbtqi)']",[]
http://www.wikidata.org/entity/Q123851056,['Främmande seder (HBTQI)'],[],https://queerlit.dh.gu.se/qlit/v1/ax80mf78,['Främmande seder (hbtqi)'],"['Franska seder (hbtqi)', 'Italienska seder (hbtqi)']"
http://www.wikidata.org/entity/Q123851178,['Queerseparatism'],[],https://queerlit.dh.gu.se/qlit/v1/fl40sz20,['Queerseparatism'],[]
http://www.wikidata.org/entity/Q123851426,['Fosterföräldrar (HBTQI)'],[],https://queerlit.dh.gu.se/qlit/v1/oi38hf27,[],[]
http://www.wikidata.org/entity/Q123851106,['Äldre bisexuella kvinnor'],[],https://queerlit.dh.gu.se/qlit/v1/cq47se04,['Äldre bisexuella kvinnor'],['Gamla bisexuella kvinnor']
http://www.wikidata.org/entity/Q123851671,['Queera nyutkomna'],[],https://queerlit.dh.gu.se/qlit/v1/vv82yi14,['Queera nyutkomna'],[]
http://www.wikidata.org/entity/Q123851623,['Hemlighetssymbolik (HBTQI)'],[],https://queerlit.dh.gu.se/qlit/v1/ts68gn43,['Hemlighetssymbolik (hbtqi)'],[]
http://www.wikidata.org/entity/Q123851382,['Tema: Medicin (HBTQI)'],[],https://queerlit.dh.gu.se/qlit/v1/mt38ga61,['Tema: Medicin (hbtqi)'],[]
http://www.wikidata.org/entity/Q123851630,['Pappor till ickebinära personer'],[],https://queerlit.dh.gu.se/qlit/v1/uc39di61,['Pappor till ickebinära personer'],"['Fäder till ickebinära personer', 'Ickebinäras fäder', 'Ickebinäras pappor']"
http://www.wikidata.org/entity/Q123851525,['Adoptivföräldrar (HBTQI)'],[],https://queerlit.dh.gu.se/qlit/v1/rd67us45,[],[]
http://www.wikidata.org/entity/Q123851042,['Raggning (HBTQI)'],[],https://queerlit.dh.gu.se/qlit/v1/af48gg30,['Raggning (hbtqi)'],['Raggande (hbtqi)']
http://www.wikidata.org/entity/Q123851113,['Gossekärlek'],[],https://queerlit.dh.gu.se/qlit/v1/cu72fw23,['Gossekärlek'],[]
http://www.wikidata.org/entity/Q123851085,['Relationer mellan män'],[],https://queerlit.dh.gu.se/qlit/v1/bz75oh35,['Relationer mellan män'],[]
http://www.wikidata.org/entity/Q123851445,['Unga bisexuella kvinnor'],[],https://queerlit.dh.gu.se/qlit/v1/pc36se94,['Unga bisexuella kvinnor'],"['Kvinnliga bisexuella tonåringar', 'Kvinnliga bisexuella ungdomar']"
http://www.wikidata.org/entity/Q123851645,['Förföljelse av homosexuella'],[],https://queerlit.dh.gu.se/qlit/v1/up78ob03,['Förföljelse av homosexuella'],[]
http://www.wikidata.org/entity/Q123851351,['Äldre transmän'],[],https://queerlit.dh.gu.se/qlit/v1/lk03vi75,['Äldre transmän'],['Gamla transmän']
http://www.wikidata.org/entity/Q123851415,['Maskuliniserande crossdressing'],[],https://queerlit.dh.gu.se/qlit/v1/ny05rj22,['Maskuliniserande crossdressing'],[]
http://www.wikidata.org/entity/Q123851309,['Relationer mellan okönade personer'],[],https://queerlit.dh.gu.se/qlit/v1/jy51gh05,['Relationer mellan okönade personer'],[]
http://www.wikidata.org/entity/Q123851218,['Könsöverskridanden'],[],https://queerlit.dh.gu.se/qlit/v1/he13pb69,['Könsöverskridanden'],[]
http://www.wikidata.org/entity/Q123851543,['Två mammor'],[],https://queerlit.dh.gu.se/qlit/v1/rk79wi90,['Två mammor'],"['Två morsor', 'Två mödrar']"
http://www.wikidata.org/entity/Q123851239,['Spekulationer (HBTQI)'],[],https://queerlit.dh.gu.se/qlit/v1/hu08zy84,['Spekulationer (hbtqi)'],[]
http://www.wikidata.org/entity/Q123851086,['HBTQI-personer med synnedsättning'],[],https://queerlit.dh.gu.se/qlit/v1/bz79ls20,['Hbtqi-personer med synnedsättning'],['Personer med synnedsättning (hbtqi)']
http://www.wikidata.org/entity/Q123851071,['Sorg (HBTQI)'],[],https://queerlit.dh.gu.se/qlit/v1/bn12zw97,['Sorg (hbtqi)'],[]
http://www.wikidata.org/entity/Q123851503,['Okönade barn'],[],https://queerlit.dh.gu.se/qlit/v1/qk35dh05,['Okönade barn'],[]
http://www.wikidata.org/entity/Q123851241,['Bögseparatism'],[],https://queerlit.dh.gu.se/qlit/v1/hx76pe91,['Bögseparatism'],[]
http://www.wikidata.org/entity/Q123851756,['Äldre transkvinnor'],[],https://queerlit.dh.gu.se/qlit/v1/zg42hu70,['Äldre transkvinnor'],['Gamla transkvinnor']
http://www.wikidata.org/entity/Q123851574,['Amerikanska ursprungsreligioner (HBTQI)'],[],https://queerlit.dh.gu.se/qlit/v1/sb19ql51,['Amerikanska ursprungsreligioner (hbtqi)'],['First Nations-religioner (hbtqi)']
http://www.wikidata.org/entity/Q123851051,['Unga transmän'],[],https://queerlit.dh.gu.se/qlit/v1/as12hv64,['Unga transmän'],"['Manliga transtonåringar', 'Manliga transungdomar']"
http://www.wikidata.org/entity/Q123851428,['Äldre ickebinära'],[],https://queerlit.dh.gu.se/qlit/v1/ok39fi83,['Äldre ickebinära'],['Gamla ickebinära']
http://www.wikidata.org/entity/Q123851379,['Asiatiska religioner (HBTQI)'],[],https://queerlit.dh.gu.se/qlit/v1/mn17sn86,['Asiatiska religioner (hbtqi)'],[]
http://www.wikidata.org/entity/Q123851447,['Bugrar'],[],https://queerlit.dh.gu.se/qlit/v1/pi08hg78,['Bugrar'],"['Bouger', 'Bougrar', 'Bougre', 'Bougres', 'Buger', 'Bugers', 'Bugger', 'Buggers', 'Buggrar']"
http://www.wikidata.org/entity/Q123851558,['Kärlek mellan okönade personer'],[],https://queerlit.dh.gu.se/qlit/v1/rs37ie35,['Kärlek mellan okönade personer'],[]
http://www.wikidata.org/entity/Q123851036,['Äldre homosexuella'],[],https://queerlit.dh.gu.se/qlit/v1/ac41zr34,['Äldre homosexuella'],['Gamla homosexuella']
http://www.wikidata.org/entity/Q123851626,['Feminiserande crossdressing'],[],https://queerlit.dh.gu.se/qlit/v1/ty33ci85,['Feminiserande crossdressing'],[]
http://www.wikidata.org/entity/Q123851745,['HBTQI-personer med intellektuella funktionsnedsättningar'],[],https://queerlit.dh.gu.se/qlit/v1/yq72vv00,['Hbtqi-personer med intellektuella funktionsnedsättningar'],"['Förståndshandikappade hbtqi-personer', 'Hbtqi-personer med förståndshandikapp', 'Hbtqi-personer med intellektuella funktionsvariationer', 'Hbtqi-personer med utvecklingsstörning', 'Intellektuellt funktionsnedsatta hbtqi-personer', 'Intellektuellt funktionsvarierade hbtqi-personer', 'Utvecklingsstörda hbtqi-personer']"
http://www.wikidata.org/entity/Q123851434,['Äldre intersexpersoner'],[],https://queerlit.dh.gu.se/qlit/v1/or84uc19,['Äldre intersexpersoner'],['Gamla intersexpersoner']
http://www.wikidata.org/entity/Q123851109,['Kvinnohatare (HBTQI)'],[],https://queerlit.dh.gu.se/qlit/v1/cq92tw18,['Kvinnohatare (hbtqi)'],['Misogynister (hbtqi)']
http://www.wikidata.org/entity/Q123851312,['Begär (HBTQI)'],[],https://queerlit.dh.gu.se/qlit/v1/ka64zi36,['Begär (hbtqi)'],"['Homoerotik', 'Samkönat begär']"
http://www.wikidata.org/entity/Q123851438,['Transflickor'],[],https://queerlit.dh.gu.se/qlit/v1/ow02gb82,['Transflickor'],['Transtjejer']
http://www.wikidata.org/entity/Q123851575,['Vampyrer (HBTQI)'],[],https://queerlit.dh.gu.se/qlit/v1/sb41qh19,['Vampyrer (hbtqi)'],[]
http://www.wikidata.org/entity/Q123851376,['Tema: Identiteter och praktiker (HBTQI)'],[],https://queerlit.dh.gu.se/qlit/v1/ml53hr68,['Tema: Identiteter och praktiker (hbtqi)'],[]
http://www.wikidata.org/entity/Q123851059,['Kär i kompis (HBTQI)'],[],https://queerlit.dh.gu.se/qlit/v1/az93uj82,['Kär i kompis (hbtqi)'],"['Kär i en kompis (hbtqi)', 'Kär i en vän (hbtqi)', 'Kär i vän (hbtqi)']"
http://www.wikidata.org/entity/Q123851729,['Svartsjuka (HBTQI)'],[],https://queerlit.dh.gu.se/qlit/v1/yi63rn93,['Svartsjuka (hbtqi)'],[]
http://www.wikidata.org/entity/Q123851446,['Okönade personer'],[],https://queerlit.dh.gu.se/qlit/v1/pf53mb18,['Okönade personer'],[]
http://www.wikidata.org/entity/Q123851547,['Partners till homosexuella'],[],https://queerlit.dh.gu.se/qlit/v1/rn48mo22,['Partners till homosexuella'],[]
http://www.wikidata.org/entity/Q123851179,['Prostituerade intersexpersoner'],[],https://queerlit.dh.gu.se/qlit/v1/fn83ny13,['Prostituerade intersexpersoner'],[]
http://www.wikidata.org/entity/Q123851411,['Homosexuella barn'],[],https://queerlit.dh.gu.se/qlit/v1/np32qn49,['Homosexuella barn'],[]
http://www.wikidata.org/entity/Q123851678,['Homosexuella relationer'],[],https://queerlit.dh.gu.se/qlit/v1/wk10nx66,['Homosexuella relationer'],[]
http://www.wikidata.org/entity/Q123851332,['Dejtande (HBTQI)'],[],https://queerlit.dh.gu.se/qlit/v1/ku85op55,['Dejtande (hbtqi)'],"['Att dejta (hbtqi)', 'Dating (hbtqi)', 'Dejting (hbtqi)']"
http://www.wikidata.org/entity/Q123851482,['Relationer mellan kvinnor'],[],https://queerlit.dh.gu.se/qlit/v1/px83mo29,['Relationer mellan kvinnor'],[]
http://www.wikidata.org/entity/Q123851189,['Okönade unga'],[],https://queerlit.dh.gu.se/qlit/v1/fx55na17,['Okönade unga'],['Okönade ungdomar']
http://www.wikidata.org/entity/Q123851601,['Kvinnomän'],[],https://queerlit.dh.gu.se/qlit/v1/sn21af03,['Kvinnomän'],['Kvinnoman']
http://www.wikidata.org/entity/Q123851695,['Förälskelse (HBTQI)'],[],https://queerlit.dh.gu.se/qlit/v1/wx50dk33,['Förälskelse (hbtqi)'],[]
http://www.wikidata.org/entity/Q123851276,['Tema: Övrigt (HBTQI)'],[],https://queerlit.dh.gu.se/qlit/v1/iu48hl96,['Tema: Övrigt (hbtqi)'],[]
http://www.wikidata.org/entity/Q123851424,['Flersamt föräldraskap'],[],https://queerlit.dh.gu.se/qlit/v1/oh02hf14,['Flersamt föräldraskap'],['Familjer med mer än två föräldrar']
http://www.wikidata.org/entity/Q123851185,['Föräldrar till homosexuella'],[],https://queerlit.dh.gu.se/qlit/v1/fv17pe76,['Föräldrar till homosexuella'],['Homosexuellas föräldrar']
http://www.wikidata.org/entity/Q123851041,['Homosexuella gemenskaper'],[],https://queerlit.dh.gu.se/qlit/v1/af25bs10,['Homosexuella gemenskaper'],['Homosexuellt community']
http://www.wikidata.org/entity/Q123851283,['Barn till homosexuella'],[],https://queerlit.dh.gu.se/qlit/v1/jb88tw15,['Barn till homosexuella'],[]
http://www.wikidata.org/entity/Q123851598,['Nyutkomna intersexpersoner'],[],https://queerlit.dh.gu.se/qlit/v1/sm18jx44,['Nyutkomna intersexpersoner'],[]
http://www.wikidata.org/entity/Q123851636,['Vaginala samlag'],[],https://queerlit.dh.gu.se/qlit/v1/uj05xb50,['Vaginala samlag'],[]
http://www.wikidata.org/entity/Q123851647,['Klittra'],[],https://queerlit.dh.gu.se/qlit/v1/uq46vq54,['Klittra'],[]
http://www.wikidata.org/entity/Q123851176,['Transpojkar'],[],https://queerlit.dh.gu.se/qlit/v1/fk47fc89,['Transpojkar'],['Transkillar']
http://www.wikidata.org/entity/Q123851707,['Mankvinnor'],[],https://queerlit.dh.gu.se/qlit/v1/xs75bn70,['Mankvinnor'],"['Maninna', 'Maninnor', 'Mankvinna', 'Manskvinna', 'Manskvinnor']"
http://www.wikidata.org/entity/Q123851320,['Nyutkomna bisexuella'],[],https://queerlit.dh.gu.se/qlit/v1/kk47bz38,['Nyutkomna bisexuella'],[]
http://www.wikidata.org/entity/Q123851743,['Unga homosexuella'],[],https://queerlit.dh.gu.se/qlit/v1/yp38jg66,['Unga homosexuella'],"['Homosexuella tonåringar', 'Homosexuella ungdomar', 'Unga lesbiska och bögar']"
http://www.wikidata.org/entity/Q123851654,['Okönade föräldrar'],[],https://queerlit.dh.gu.se/qlit/v1/uy59sk22,['Okönade föräldrar'],[]
http://www.wikidata.org/entity/Q123851358,['Manshatare (HBTQI)'],[],https://queerlit.dh.gu.se/qlit/v1/lr96ax17,['Manshatare (hbtqi)'],"['Manshaterskor (hbtqi)', 'Misandrister (hbtqi)']"
http://www.wikidata.org/entity/Q123851203,['Djur (HBTQI)'],[],https://queerlit.dh.gu.se/qlit/v1/gm75ni75,['Djur (hbtqi)'],[]
http://www.wikidata.org/entity/Q123851193,['Stockholmare (HBTQI)'],[],https://queerlit.dh.gu.se/qlit/v1/gb58ld43,['Stockholmare (hbtqi)'],[]
http://www.wikidata.org/entity/Q123851682,['Prostituerade homosexuella'],[],https://queerlit.dh.gu.se/qlit/v1/wn14yd68,['Prostituerade homosexuella'],[]
http://www.wikidata.org/entity/Q105394906,['Ockupationen av Socialstyrelsen 1979'],[],https://queerlit.dh.gu.se/qlit/v1/nd56bj55,['Ockupationen av Socialstyrelsen 1979'],[]
http://www.wikidata.org/entity/Q123851578,['Äldre bisexuella män'],[],https://queerlit.dh.gu.se/qlit/v1/sd59ts94,['Äldre bisexuella män'],['Gamla bisexuella män']
http://www.wikidata.org/entity/Q123851710,"['Tema: Sex, intimitet och kroppslighet (HBTQI)']",[],https://queerlit.dh.gu.se/qlit/v1/xw99iq72,"['Tema: Sex, intimitet och kroppslighet (hbtqi)']",[]
http://www.wikidata.org/entity/Q123851364,['Intersexseparatism'],[],https://queerlit.dh.gu.se/qlit/v1/lx88hn91,['Intersexseparatism'],[]
http://www.wikidata.org/entity/Q123851348,['Antik symbolik (HBTQI)'],[],https://queerlit.dh.gu.se/qlit/v1/lj67gb57,['Antik symbolik (hbtqi)'],[]
http://www.wikidata.org/entity/Q123851430,['Äldre heterosexuella'],[],https://queerlit.dh.gu.se/qlit/v1/oo84xg08,['Äldre heterosexuella'],['Gamla heterosexuella']
http://www.wikidata.org/entity/Q123851388,['Spegelsymbolik (HBTQI)'],[],https://queerlit.dh.gu.se/qlit/v1/mz17yd70,['Spegelsymbolik (hbtqi)'],[]
http://www.wikidata.org/entity/Q123851508,"['Tema: Livsåskådning, tro och teorier (HBTQI)']",[],https://queerlit.dh.gu.se/qlit/v1/qo73uy24,"['Tema: Livsåskådning, tro och teorier (hbtqi)']",[]
http://www.wikidata.org/entity/Q123851638,['Nyutkomna transpersoner'],[],https://queerlit.dh.gu.se/qlit/v1/uj94qg47,['Nyutkomna transpersoner'],[]
http://www.wikidata.org/entity/Q123851096,['Transseparatism'],[],https://queerlit.dh.gu.se/qlit/v1/ce30cv53,['Transseparatism'],[]
http://www.wikidata.org/entity/Q123851728,['Kärlek mellan män'],[],https://queerlit.dh.gu.se/qlit/v1/yi47zi31,['Kärlek mellan män'],[]
http://www.wikidata.org/entity/Q1108601,['sexslav'],[],https://queerlit.dh.gu.se/qlit/v1/nh99bq54,['Sexslavar (hbtqi)'],[]
http://www.wikidata.org/entity/Q123851753,['Homosexuell separatism'],[],https://queerlit.dh.gu.se/qlit/v1/ze55dx31,['Homosexuell separatism'],[]
http://www.wikidata.org/entity/Q123851670,['Vänner (älskare)'],[],https://queerlit.dh.gu.se/qlit/v1/vu78ao12,['Vänner (älskare)'],['Väninnor (älskare)']
http://www.wikidata.org/entity/Q123851653,['HBTQI-separatism'],[],https://queerlit.dh.gu.se/qlit/v1/ux32oc19,['Hbtqi-separatism'],[]
http://www.wikidata.org/entity/Q123851491,['Lotusar (HBTQI)'],[],https://queerlit.dh.gu.se/qlit/v1/qf09cx68,['Lotusar (hbtqi)'],[]
