WCC_ID,Wikidata_entity,QLIT_entity
33,http://www.wikidata.org/entity/Q123851327,https://queerlit.dh.gu.se/qlit/v1/kn70dj43
36,http://www.wikidata.org/entity/Q123851307,https://queerlit.dh.gu.se/qlit/v1/ju65bo79
54,http://www.wikidata.org/entity/Q660882,https://queerlit.dh.gu.se/qlit/v1/rj97ul15
71,http://www.wikidata.org/entity/Q123851306,https://queerlit.dh.gu.se/qlit/v1/jt69hs39
83,http://www.wikidata.org/entity/Q123851606,https://queerlit.dh.gu.se/qlit/v1/st81qb94
85,http://www.wikidata.org/entity/Q123851713,https://queerlit.dh.gu.se/qlit/v1/xx95hc99
86,http://www.wikidata.org/entity/Q18116794,https://queerlit.dh.gu.se/qlit/v1/mb15si12
89,http://www.wikidata.org/entity/Q301702,https://queerlit.dh.gu.se/qlit/v1/zq57kl95
93,http://www.wikidata.org/entity/Q123851517,https://queerlit.dh.gu.se/qlit/v1/qx32lu52
105,http://www.wikidata.org/entity/Q123851183,https://queerlit.dh.gu.se/qlit/v1/fs91lv00
111,http://www.wikidata.org/entity/Q20746742,https://queerlit.dh.gu.se/qlit/v1/jv45ng56
123,http://www.wikidata.org/entity/Q59677,https://queerlit.dh.gu.se/qlit/v1/kx09ve81
134,http://www.wikidata.org/entity/Q376032,https://queerlit.dh.gu.se/qlit/v1/nu38hi25
142,http://www.wikidata.org/entity/Q123851457,https://queerlit.dh.gu.se/qlit/v1/pn74ek02
143,http://www.wikidata.org/entity/Q1093205,https://queerlit.dh.gu.se/qlit/v1/wj35lq02
152,http://www.wikidata.org/entity/Q184674,https://queerlit.dh.gu.se/qlit/v1/im61zi90
156,http://www.wikidata.org/entity/Q123851262,https://queerlit.dh.gu.se/qlit/v1/il00wp51
158,http://www.wikidata.org/entity/Q190007,https://queerlit.dh.gu.se/qlit/v1/wv53po26
161,http://www.wikidata.org/entity/Q6623,https://queerlit.dh.gu.se/qlit/v1/vr63wa97
168,http://www.wikidata.org/entity/Q18299,https://queerlit.dh.gu.se/qlit/v1/ss45lx96
173,http://www.wikidata.org/entity/Q11460,https://queerlit.dh.gu.se/qlit/v1/ac83ik65
181,http://www.wikidata.org/entity/Q58929,https://queerlit.dh.gu.se/qlit/v1/wn56qx41
183,http://www.wikidata.org/entity/Q123851555,https://queerlit.dh.gu.se/qlit/v1/rq71or71
186,http://www.wikidata.org/entity/Q123851091,https://queerlit.dh.gu.se/qlit/v1/cb49gf75
188,http://www.wikidata.org/entity/Q123851723,https://queerlit.dh.gu.se/qlit/v1/ye10vq18
190,http://www.wikidata.org/entity/Q543,https://queerlit.dh.gu.se/qlit/v1/lr64yh52
196,http://www.wikidata.org/entity/Q1070054,https://queerlit.dh.gu.se/qlit/v1/xp00ce87
197,http://www.wikidata.org/entity/Q42165,https://queerlit.dh.gu.se/qlit/v1/wd93mx30
209,http://www.wikidata.org/entity/Q5507613,https://queerlit.dh.gu.se/qlit/v1/tk37pb02
215,http://www.wikidata.org/entity/Q192280,https://queerlit.dh.gu.se/qlit/v1/sg24na75
216,http://www.wikidata.org/entity/Q83345,https://queerlit.dh.gu.se/qlit/v1/qt34ot13
217,http://www.wikidata.org/entity/Q98398736,https://queerlit.dh.gu.se/qlit/v1/fr82xo46
218,http://www.wikidata.org/entity/Q2192288,https://queerlit.dh.gu.se/qlit/v1/cg96ab32
219,http://www.wikidata.org/entity/Q123851413,https://queerlit.dh.gu.se/qlit/v1/nv42jb62
220,http://www.wikidata.org/entity/Q1112128,https://queerlit.dh.gu.se/qlit/v1/yi56ii68
221,http://www.wikidata.org/entity/Q123851422,https://queerlit.dh.gu.se/qlit/v1/of32ux74
222,http://www.wikidata.org/entity/Q491,https://queerlit.dh.gu.se/qlit/v1/jx05kp14
223,http://www.wikidata.org/entity/Q3517986,https://queerlit.dh.gu.se/qlit/v1/vv09wq60
224,http://www.wikidata.org/entity/Q17542970,https://queerlit.dh.gu.se/qlit/v1/az92so55
225,http://www.wikidata.org/entity/Q93200,https://queerlit.dh.gu.se/qlit/v1/nz93dl71
227,http://www.wikidata.org/entity/Q8445,https://queerlit.dh.gu.se/qlit/v1/vh55tv72
228,http://www.wikidata.org/entity/Q179294,https://queerlit.dh.gu.se/qlit/v1/ye64kb30
230,http://www.wikidata.org/entity/Q724351,https://queerlit.dh.gu.se/qlit/v1/bw78bx64
231,http://www.wikidata.org/entity/Q7748,https://queerlit.dh.gu.se/qlit/v1/pi26jy10
233,http://www.wikidata.org/entity/Q221810,https://queerlit.dh.gu.se/qlit/v1/xw72hx88
234,http://www.wikidata.org/entity/Q131295,https://queerlit.dh.gu.se/qlit/v1/ad73kh62
235,http://www.wikidata.org/entity/Q30849,https://queerlit.dh.gu.se/qlit/v1/uy98au05
236,http://www.wikidata.org/entity/Q31184,https://queerlit.dh.gu.se/qlit/v1/ez04as46
237,http://www.wikidata.org/entity/Q866081,https://queerlit.dh.gu.se/qlit/v1/sf56xe20
239,http://www.wikidata.org/entity/Q199701,https://queerlit.dh.gu.se/qlit/v1/fc56gu03
240,http://www.wikidata.org/entity/Q52815,https://queerlit.dh.gu.se/qlit/v1/wm13pa51
242,http://www.wikidata.org/entity/Q37748,https://queerlit.dh.gu.se/qlit/v1/mp47ze52
243,http://www.wikidata.org/entity/Q205665,https://queerlit.dh.gu.se/qlit/v1/gb48iw56
246,http://www.wikidata.org/entity/Q123851420,https://queerlit.dh.gu.se/qlit/v1/od10cb95
247,http://www.wikidata.org/entity/Q391156,https://queerlit.dh.gu.se/qlit/v1/jh97xq13
248,http://www.wikidata.org/entity/Q1054678,https://queerlit.dh.gu.se/qlit/v1/gd64om76
250,http://www.wikidata.org/entity/Q131543,https://queerlit.dh.gu.se/qlit/v1/ji43uf25
252,http://www.wikidata.org/entity/Q123851466,https://queerlit.dh.gu.se/qlit/v1/pq70kh99
253,http://www.wikidata.org/entity/Q1141983,https://queerlit.dh.gu.se/qlit/v1/by54rv25
255,http://www.wikidata.org/entity/Q626268,https://queerlit.dh.gu.se/qlit/v1/hw91rz24
256,http://www.wikidata.org/entity/Q123851154,https://queerlit.dh.gu.se/qlit/v1/ek27kt77
257,http://www.wikidata.org/entity/Q123851070,https://queerlit.dh.gu.se/qlit/v1/bk97vq01
258,http://www.wikidata.org/entity/Q14076,https://queerlit.dh.gu.se/qlit/v1/kd49dt22
259,http://www.wikidata.org/entity/Q123851314,https://queerlit.dh.gu.se/qlit/v1/kb67on35
260,http://www.wikidata.org/entity/Q1053501,https://queerlit.dh.gu.se/qlit/v1/rb83rq15
261,http://www.wikidata.org/entity/Q123851631,https://queerlit.dh.gu.se/qlit/v1/uc45qk12
262,http://www.wikidata.org/entity/Q273972,https://queerlit.dh.gu.se/qlit/v1/na03ov93
263,http://www.wikidata.org/entity/Q123851663,https://queerlit.dh.gu.se/qlit/v1/vn20br71
264,http://www.wikidata.org/entity/Q134154,https://queerlit.dh.gu.se/qlit/v1/gz04zi19
265,http://www.wikidata.org/entity/Q10485247,https://queerlit.dh.gu.se/qlit/v1/sh97pd06
267,http://www.wikidata.org/entity/Q11122599,https://queerlit.dh.gu.se/qlit/v1/ys42op85
270,http://www.wikidata.org/entity/Q17422,https://queerlit.dh.gu.se/qlit/v1/jw48ie23
271,http://www.wikidata.org/entity/Q12338229,https://queerlit.dh.gu.se/qlit/v1/of81kq28
272,http://www.wikidata.org/entity/Q1977453,https://queerlit.dh.gu.se/qlit/v1/xp34my36
274,http://www.wikidata.org/entity/Q51402,https://queerlit.dh.gu.se/qlit/v1/rx72ig85
278,http://www.wikidata.org/entity/Q123851469,https://queerlit.dh.gu.se/qlit/v1/ps21xc19
279,http://www.wikidata.org/entity/Q202833,https://queerlit.dh.gu.se/qlit/v1/ci78xa22
280,http://www.wikidata.org/entity/Q294949,https://queerlit.dh.gu.se/qlit/v1/ph69wb81
281,http://www.wikidata.org/entity/Q123851347,https://queerlit.dh.gu.se/qlit/v1/li23qw02
283,http://www.wikidata.org/entity/Q12198,https://queerlit.dh.gu.se/qlit/v1/lx03gj31
284,http://www.wikidata.org/entity/Q43405,https://queerlit.dh.gu.se/qlit/v1/wk00ux87
286,http://www.wikidata.org/entity/Q510866,https://queerlit.dh.gu.se/qlit/v1/rc36vu96
287,http://www.wikidata.org/entity/Q873072,https://queerlit.dh.gu.se/qlit/v1/lq31ck45
288,http://www.wikidata.org/entity/Q1035954,https://queerlit.dh.gu.se/qlit/v1/zp45ez52
289,http://www.wikidata.org/entity/Q2427941,https://queerlit.dh.gu.se/qlit/v1/uc52sc28
291,http://www.wikidata.org/entity/Q7307,https://queerlit.dh.gu.se/qlit/v1/ea97yu27
297,http://www.wikidata.org/entity/Q747592,https://queerlit.dh.gu.se/qlit/v1/iq68sd16
298,http://www.wikidata.org/entity/Q123851741,https://queerlit.dh.gu.se/qlit/v1/yp11tl51
299,http://www.wikidata.org/entity/Q138686,https://queerlit.dh.gu.se/qlit/v1/nx94fc98
300,http://www.wikidata.org/entity/Q327538,https://queerlit.dh.gu.se/qlit/v1/qw51tf42
301,http://www.wikidata.org/entity/Q517807,https://queerlit.dh.gu.se/qlit/v1/fs65mg77
302,http://www.wikidata.org/entity/Q10816,https://queerlit.dh.gu.se/qlit/v1/jk79xh22
303,http://www.wikidata.org/entity/Q19509201,https://queerlit.dh.gu.se/qlit/v1/ae46oh82
304,http://www.wikidata.org/entity/Q31207,https://queerlit.dh.gu.se/qlit/v1/qj90xo54
305,http://www.wikidata.org/entity/Q459409,https://queerlit.dh.gu.se/qlit/v1/yf82lc16
306,http://www.wikidata.org/entity/Q1761413,https://queerlit.dh.gu.se/qlit/v1/tw40vo62
308,http://www.wikidata.org/entity/Q123851390,https://queerlit.dh.gu.se/qlit/v1/mz21dd20
309,http://www.wikidata.org/entity/Q663016,https://queerlit.dh.gu.se/qlit/v1/me04wx73
312,http://www.wikidata.org/entity/Q123851055,https://queerlit.dh.gu.se/qlit/v1/av87kj76
313,http://www.wikidata.org/entity/Q208099,https://queerlit.dh.gu.se/qlit/v1/kp91xn92
314,http://www.wikidata.org/entity/Q200117,https://queerlit.dh.gu.se/qlit/v1/gx43ps05
316,http://www.wikidata.org/entity/Q183548,https://queerlit.dh.gu.se/qlit/v1/xl67uc46
317,http://www.wikidata.org/entity/Q123851062,https://queerlit.dh.gu.se/qlit/v1/bf47oe08
318,http://www.wikidata.org/entity/Q1098028,https://queerlit.dh.gu.se/qlit/v1/tq80uf58
320,http://www.wikidata.org/entity/Q4620674,https://queerlit.dh.gu.se/qlit/v1/cc01go96
321,http://www.wikidata.org/entity/Q1141526,https://queerlit.dh.gu.se/qlit/v1/cy12sh61
325,http://www.wikidata.org/entity/Q123851479,https://queerlit.dh.gu.se/qlit/v1/px55pp67
328,http://www.wikidata.org/entity/Q179415,https://queerlit.dh.gu.se/qlit/v1/ng97ok68
330,http://www.wikidata.org/entity/Q30072520,https://queerlit.dh.gu.se/qlit/v1/tx04hr81
331,http://www.wikidata.org/entity/Q123851065,https://queerlit.dh.gu.se/qlit/v1/bi99oj90
332,http://www.wikidata.org/entity/Q903453,https://queerlit.dh.gu.se/qlit/v1/ve99hw59
333,http://www.wikidata.org/entity/Q123851597,https://queerlit.dh.gu.se/qlit/v1/sl84ac44
334,http://www.wikidata.org/entity/Q1527023,https://queerlit.dh.gu.se/qlit/v1/kn67ju07
335,http://www.wikidata.org/entity/Q1076509,https://queerlit.dh.gu.se/qlit/v1/cm18bw55
336,http://www.wikidata.org/entity/Q191778,https://queerlit.dh.gu.se/qlit/v1/jc34hl12
338,http://www.wikidata.org/entity/Q123851234,https://queerlit.dh.gu.se/qlit/v1/hq85ud85
339,http://www.wikidata.org/entity/Q9384,https://queerlit.dh.gu.se/qlit/v1/ge40xr58
342,http://www.wikidata.org/entity/Q11920938,https://queerlit.dh.gu.se/qlit/v1/uh63yy69
345,http://www.wikidata.org/entity/Q123851252,https://queerlit.dh.gu.se/qlit/v1/if59po81
348,http://www.wikidata.org/entity/Q123851047,https://queerlit.dh.gu.se/qlit/v1/ao42ia99
354,http://www.wikidata.org/entity/Q1707435,https://queerlit.dh.gu.se/qlit/v1/wb24sl26
356,http://www.wikidata.org/entity/Q180225,https://queerlit.dh.gu.se/qlit/v1/fj02md55
359,http://www.wikidata.org/entity/Q442358,https://queerlit.dh.gu.se/qlit/v1/mc07qj43
360,http://www.wikidata.org/entity/Q3851652,https://queerlit.dh.gu.se/qlit/v1/hj31eb45
361,http://www.wikidata.org/entity/Q123851393,https://queerlit.dh.gu.se/qlit/v1/nc14hs94
362,http://www.wikidata.org/entity/Q49773,https://queerlit.dh.gu.se/qlit/v1/sw59hr91
364,http://www.wikidata.org/entity/Q7675376,https://queerlit.dh.gu.se/qlit/v1/hv71in35
365,http://www.wikidata.org/entity/Q308857,https://queerlit.dh.gu.se/qlit/v1/br29ok75
367,http://www.wikidata.org/entity/Q625145,https://queerlit.dh.gu.se/qlit/v1/mg46bp53
368,http://www.wikidata.org/entity/Q123851746,https://queerlit.dh.gu.se/qlit/v1/yu17am57
369,http://www.wikidata.org/entity/Q123851627,https://queerlit.dh.gu.se/qlit/v1/tz25ps34
372,http://www.wikidata.org/entity/Q318529,https://queerlit.dh.gu.se/qlit/v1/um93rl06
373,http://www.wikidata.org/entity/Q1072080,https://queerlit.dh.gu.se/qlit/v1/zo32gs01
374,http://www.wikidata.org/entity/Q6636,https://queerlit.dh.gu.se/qlit/v1/cr97jg35
376,http://www.wikidata.org/entity/Q213456,https://queerlit.dh.gu.se/qlit/v1/op26io85
377,http://www.wikidata.org/entity/Q210604,https://queerlit.dh.gu.se/qlit/v1/dq66qs98
381,http://www.wikidata.org/entity/Q123851331,https://queerlit.dh.gu.se/qlit/v1/ku32od34
383,http://www.wikidata.org/entity/Q48264,https://queerlit.dh.gu.se/qlit/v1/op23ar73
385,http://www.wikidata.org/entity/Q109501952,https://queerlit.dh.gu.se/qlit/v1/zq29sy82
387,http://www.wikidata.org/entity/Q123851044,https://queerlit.dh.gu.se/qlit/v1/ai05xa65
388,http://www.wikidata.org/entity/Q3603531,https://queerlit.dh.gu.se/qlit/v1/jw97cl99
393,http://www.wikidata.org/entity/Q123851665,https://queerlit.dh.gu.se/qlit/v1/vr41yw40
394,http://www.wikidata.org/entity/Q26791,https://queerlit.dh.gu.se/qlit/v1/vs11js01
395,http://www.wikidata.org/entity/Q2672163,https://queerlit.dh.gu.se/qlit/v1/xw31re99
396,http://www.wikidata.org/entity/Q264965,https://queerlit.dh.gu.se/qlit/v1/px93xp25
398,http://www.wikidata.org/entity/Q123851329,https://queerlit.dh.gu.se/qlit/v1/kq81ui59
401,http://www.wikidata.org/entity/Q123851474,https://queerlit.dh.gu.se/qlit/v1/pt39jk21
402,http://www.wikidata.org/entity/Q640990,https://queerlit.dh.gu.se/qlit/v1/vn09ak57
403,http://www.wikidata.org/entity/Q123851747,https://queerlit.dh.gu.se/qlit/v1/yv06is50
407,http://www.wikidata.org/entity/Q15808,https://queerlit.dh.gu.se/qlit/v1/an00td75
408,http://www.wikidata.org/entity/Q210749,https://queerlit.dh.gu.se/qlit/v1/ex44dm42
409,http://www.wikidata.org/entity/Q123851572,https://queerlit.dh.gu.se/qlit/v1/rw98mz62
410,http://www.wikidata.org/entity/Q36224,https://queerlit.dh.gu.se/qlit/v1/kx15ll15
411,http://www.wikidata.org/entity/Q28129894,https://queerlit.dh.gu.se/qlit/v1/qk34rm23
415,http://www.wikidata.org/entity/Q152910,https://queerlit.dh.gu.se/qlit/v1/am48aq94
419,http://www.wikidata.org/entity/Q1531507,https://queerlit.dh.gu.se/qlit/v1/cj81yo60
422,http://www.wikidata.org/entity/Q152213,https://queerlit.dh.gu.se/qlit/v1/ax27ow53
423,http://www.wikidata.org/entity/Q808074,https://queerlit.dh.gu.se/qlit/v1/kb55ra29
424,http://www.wikidata.org/entity/Q3110090,https://queerlit.dh.gu.se/qlit/v1/ts00ew43
425,http://www.wikidata.org/entity/Q2706246,https://queerlit.dh.gu.se/qlit/v1/bf78mj81
427,http://www.wikidata.org/entity/Q43812,https://queerlit.dh.gu.se/qlit/v1/gi07re10
428,http://www.wikidata.org/entity/Q392963,https://queerlit.dh.gu.se/qlit/v1/vr46nj48
429,http://www.wikidata.org/entity/Q1377445,https://queerlit.dh.gu.se/qlit/v1/lf34bt23
431,http://www.wikidata.org/entity/Q123851725,https://queerlit.dh.gu.se/qlit/v1/ye70mb49
434,http://www.wikidata.org/entity/Q168210,https://queerlit.dh.gu.se/qlit/v1/ly14nd30
437,http://www.wikidata.org/entity/Q123851126,https://queerlit.dh.gu.se/qlit/v1/de29wy54
438,http://www.wikidata.org/entity/Q123851722,https://queerlit.dh.gu.se/qlit/v1/ye03oa57
440,http://www.wikidata.org/entity/Q3733713,https://queerlit.dh.gu.se/qlit/v1/ya81tb87
447,http://www.wikidata.org/entity/Q123851139,https://queerlit.dh.gu.se/qlit/v1/dy39os96
449,http://www.wikidata.org/entity/Q322170,https://queerlit.dh.gu.se/qlit/v1/qy58fc22
450,http://www.wikidata.org/entity/Q205647,https://queerlit.dh.gu.se/qlit/v1/up70lp68
451,http://www.wikidata.org/entity/Q123851484,https://queerlit.dh.gu.se/qlit/v1/pz10lk70
452,http://www.wikidata.org/entity/Q7239230,https://queerlit.dh.gu.se/qlit/v1/mq18hn87
454,http://www.wikidata.org/entity/Q1537534,https://queerlit.dh.gu.se/qlit/v1/sd59fm82
457,http://www.wikidata.org/entity/Q123851356,https://queerlit.dh.gu.se/qlit/v1/lm49rl65
458,http://www.wikidata.org/entity/Q10832,https://queerlit.dh.gu.se/qlit/v1/ht02we27
459,http://www.wikidata.org/entity/Q184211,https://queerlit.dh.gu.se/qlit/v1/bv98lh92
460,http://www.wikidata.org/entity/Q123851733,https://queerlit.dh.gu.se/qlit/v1/yj97ew44
461,http://www.wikidata.org/entity/Q457251,https://queerlit.dh.gu.se/qlit/v1/bv70bv30
466,http://www.wikidata.org/entity/Q208373,https://queerlit.dh.gu.se/qlit/v1/wk81dt63
467,http://www.wikidata.org/entity/Q35535,https://queerlit.dh.gu.se/qlit/v1/os99go07
471,http://www.wikidata.org/entity/Q8458,https://queerlit.dh.gu.se/qlit/v1/qs37gp76
473,http://www.wikidata.org/entity/Q11364,https://queerlit.dh.gu.se/qlit/v1/so20eo06
474,http://www.wikidata.org/entity/Q918319,https://queerlit.dh.gu.se/qlit/v1/yl85hr37
475,http://www.wikidata.org/entity/Q167918,https://queerlit.dh.gu.se/qlit/v1/xx44cw56
476,http://www.wikidata.org/entity/Q123851207,https://queerlit.dh.gu.se/qlit/v1/gx90ki07
483,http://www.wikidata.org/entity/Q845799,https://queerlit.dh.gu.se/qlit/v1/qw72dw59
484,http://www.wikidata.org/entity/Q123851407,https://queerlit.dh.gu.se/qlit/v1/nm13zo20
485,http://www.wikidata.org/entity/Q123851537,https://queerlit.dh.gu.se/qlit/v1/rh94xr73
487,http://www.wikidata.org/entity/Q550675,https://queerlit.dh.gu.se/qlit/v1/zm70cc59
488,http://www.wikidata.org/entity/Q1165905,https://queerlit.dh.gu.se/qlit/v1/iy93lr17
489,http://www.wikidata.org/entity/Q123851120,https://queerlit.dh.gu.se/qlit/v1/cy11ub78
490,http://www.wikidata.org/entity/Q15404978,https://queerlit.dh.gu.se/qlit/v1/aq42lk11
505,http://www.wikidata.org/entity/Q123851349,https://queerlit.dh.gu.se/qlit/v1/lj78ol14
506,http://www.wikidata.org/entity/Q123851454,https://queerlit.dh.gu.se/qlit/v1/pm55yu20
508,http://www.wikidata.org/entity/Q123851166,https://queerlit.dh.gu.se/qlit/v1/ew86op35
509,http://www.wikidata.org/entity/Q123851510,https://queerlit.dh.gu.se/qlit/v1/qo99it05
510,http://www.wikidata.org/entity/Q666791,https://queerlit.dh.gu.se/qlit/v1/aa40zb14
513,http://www.wikidata.org/entity/Q123851669,https://queerlit.dh.gu.se/qlit/v1/vu62yz77
515,http://www.wikidata.org/entity/Q123851273,https://queerlit.dh.gu.se/qlit/v1/ir89ck62
517,http://www.wikidata.org/entity/Q123851499,https://queerlit.dh.gu.se/qlit/v1/qh24te87
518,http://www.wikidata.org/entity/Q835137,https://queerlit.dh.gu.se/qlit/v1/gs35mz40
520,http://www.wikidata.org/entity/Q123851229,https://queerlit.dh.gu.se/qlit/v1/hi88il01
521,http://www.wikidata.org/entity/Q123851375,https://queerlit.dh.gu.se/qlit/v1/mk46kv76
523,http://www.wikidata.org/entity/Q967839,https://queerlit.dh.gu.se/qlit/v1/am70ft34
526,http://www.wikidata.org/entity/Q123851127,https://queerlit.dh.gu.se/qlit/v1/df78pd63
527,http://www.wikidata.org/entity/Q5318684,https://queerlit.dh.gu.se/qlit/v1/ri80nw20
528,http://www.wikidata.org/entity/Q123851202,https://queerlit.dh.gu.se/qlit/v1/gl76ac31
530,http://www.wikidata.org/entity/Q123851342,https://queerlit.dh.gu.se/qlit/v1/lf94dz65
533,http://www.wikidata.org/entity/Q1806228,https://queerlit.dh.gu.se/qlit/v1/zj98an94
540,http://www.wikidata.org/entity/Q123851641,https://queerlit.dh.gu.se/qlit/v1/um15fy01
544,http://www.wikidata.org/entity/Q123851233,https://queerlit.dh.gu.se/qlit/v1/hp00qz40
547,http://www.wikidata.org/entity/Q123851223,https://queerlit.dh.gu.se/qlit/v1/hg41ea96
551,http://www.wikidata.org/entity/Q123851760,https://queerlit.dh.gu.se/qlit/v1/zl81mx49
555,http://www.wikidata.org/entity/Q123851380,https://queerlit.dh.gu.se/qlit/v1/mo36hy57
556,http://www.wikidata.org/entity/Q123851402,https://queerlit.dh.gu.se/qlit/v1/nj44aa03
557,http://www.wikidata.org/entity/Q17004012,https://queerlit.dh.gu.se/qlit/v1/ae55cm31
559,http://www.wikidata.org/entity/Q123851512,https://queerlit.dh.gu.se/qlit/v1/qq09uc15
560,http://www.wikidata.org/entity/Q123851464,https://queerlit.dh.gu.se/qlit/v1/po00wj87
561,http://www.wikidata.org/entity/Q10807,https://queerlit.dh.gu.se/qlit/v1/wl92mo41
563,http://www.wikidata.org/entity/Q123851552,https://queerlit.dh.gu.se/qlit/v1/rn71bp03
565,http://www.wikidata.org/entity/Q7833678,https://queerlit.dh.gu.se/qlit/v1/wv80np39
568,http://www.wikidata.org/entity/Q28130022,https://queerlit.dh.gu.se/qlit/v1/hc77dd42
570,http://www.wikidata.org/entity/Q123851243,https://queerlit.dh.gu.se/qlit/v1/ib01vo16
574,http://www.wikidata.org/entity/Q123851303,https://queerlit.dh.gu.se/qlit/v1/jq54pz13
575,http://www.wikidata.org/entity/Q123851736,https://queerlit.dh.gu.se/qlit/v1/ym29ed45
577,http://www.wikidata.org/entity/Q123851067,https://queerlit.dh.gu.se/qlit/v1/bk45ul19
578,http://www.wikidata.org/entity/Q116462242,https://queerlit.dh.gu.se/qlit/v1/pu79ko70
585,http://www.wikidata.org/entity/Q722735,https://queerlit.dh.gu.se/qlit/v1/gn70nk07
587,http://www.wikidata.org/entity/Q5891541,https://queerlit.dh.gu.se/qlit/v1/qb27dx51
590,http://www.wikidata.org/entity/Q123851519,https://queerlit.dh.gu.se/qlit/v1/qy59io46
591,http://www.wikidata.org/entity/Q2914207,https://queerlit.dh.gu.se/qlit/v1/ps08qr95
592,http://www.wikidata.org/entity/Q123851683,https://queerlit.dh.gu.se/qlit/v1/wo70nt95
594,http://www.wikidata.org/entity/Q123851643,https://queerlit.dh.gu.se/qlit/v1/un13ce14
596,http://www.wikidata.org/entity/Q123851674,https://queerlit.dh.gu.se/qlit/v1/we86xm62
598,http://www.wikidata.org/entity/Q123851540,https://queerlit.dh.gu.se/qlit/v1/ri69ha29
599,http://www.wikidata.org/entity/Q123851455,https://queerlit.dh.gu.se/qlit/v1/pm79to26
600,http://www.wikidata.org/entity/Q123851632,https://queerlit.dh.gu.se/qlit/v1/uf02zz01
603,http://www.wikidata.org/entity/Q123851412,https://queerlit.dh.gu.se/qlit/v1/nv29rf04
606,http://www.wikidata.org/entity/Q123851687,https://queerlit.dh.gu.se/qlit/v1/wt70sq05
607,http://www.wikidata.org/entity/Q610757,https://queerlit.dh.gu.se/qlit/v1/xv86md55
608,http://www.wikidata.org/entity/Q123851302,https://queerlit.dh.gu.se/qlit/v1/jp81au66
610,http://www.wikidata.org/entity/Q746411,https://queerlit.dh.gu.se/qlit/v1/ux60ib70
613,http://www.wikidata.org/entity/Q123851150,https://queerlit.dh.gu.se/qlit/v1/eh13ix50
614,http://www.wikidata.org/entity/Q123851721,https://queerlit.dh.gu.se/qlit/v1/yd09fz28
618,http://www.wikidata.org/entity/Q2536039,https://queerlit.dh.gu.se/qlit/v1/xv67mh68
619,http://www.wikidata.org/entity/Q123851164,https://queerlit.dh.gu.se/qlit/v1/et08az97
620,http://www.wikidata.org/entity/Q64737936,https://queerlit.dh.gu.se/qlit/v1/br29bz72
621,http://www.wikidata.org/entity/Q388768,https://queerlit.dh.gu.se/qlit/v1/ab59jh24
624,http://www.wikidata.org/entity/Q123851083,https://queerlit.dh.gu.se/qlit/v1/bw74og01
625,http://www.wikidata.org/entity/Q427173,https://queerlit.dh.gu.se/qlit/v1/pb81ks09
627,http://www.wikidata.org/entity/Q123851163,https://queerlit.dh.gu.se/qlit/v1/es72xt95
628,http://www.wikidata.org/entity/Q123851260,https://queerlit.dh.gu.se/qlit/v1/ik01ja84
630,http://www.wikidata.org/entity/Q123851214,https://queerlit.dh.gu.se/qlit/v1/hb45um93
631,http://www.wikidata.org/entity/Q335925,https://queerlit.dh.gu.se/qlit/v1/wm33rr79
632,http://www.wikidata.org/entity/Q123851245,https://queerlit.dh.gu.se/qlit/v1/ib13vc99
633,http://www.wikidata.org/entity/Q110256630,https://queerlit.dh.gu.se/qlit/v1/vw95lh38
634,http://www.wikidata.org/entity/Q4154060,https://queerlit.dh.gu.se/qlit/v1/se35jv42
636,http://www.wikidata.org/entity/Q123851140,https://queerlit.dh.gu.se/qlit/v1/dy42iq34
637,http://www.wikidata.org/entity/Q123851090,https://queerlit.dh.gu.se/qlit/v1/ca74me52
638,http://www.wikidata.org/entity/Q123851153,https://queerlit.dh.gu.se/qlit/v1/ei11ju25
639,http://www.wikidata.org/entity/Q123851308,https://queerlit.dh.gu.se/qlit/v1/jw79oy99
643,http://www.wikidata.org/entity/Q15145778,https://queerlit.dh.gu.se/qlit/v1/tc60ce15
644,http://www.wikidata.org/entity/Q123851370,https://queerlit.dh.gu.se/qlit/v1/mg63da79
653,http://www.wikidata.org/entity/Q3366838,https://queerlit.dh.gu.se/qlit/v1/xf51um26
654,http://www.wikidata.org/entity/Q1454125,https://queerlit.dh.gu.se/qlit/v1/qe03yc73
656,http://www.wikidata.org/entity/Q1297897,https://queerlit.dh.gu.se/qlit/v1/oa79zq45
660,http://www.wikidata.org/entity/Q123851676,https://queerlit.dh.gu.se/qlit/v1/wg03fj93
662,http://www.wikidata.org/entity/Q123851132,https://queerlit.dh.gu.se/qlit/v1/do74lo00
663,http://www.wikidata.org/entity/Q123851326,https://queerlit.dh.gu.se/qlit/v1/kn59jd20
665,http://www.wikidata.org/entity/Q1974238,https://queerlit.dh.gu.se/qlit/v1/kd86jk33
667,http://www.wikidata.org/entity/Q112871990,https://queerlit.dh.gu.se/qlit/v1/qs74zg73
668,http://www.wikidata.org/entity/Q123851367,https://queerlit.dh.gu.se/qlit/v1/mc95lg55
669,http://www.wikidata.org/entity/Q123851628,https://queerlit.dh.gu.se/qlit/v1/tz63rg85
676,http://www.wikidata.org/entity/Q123851147,https://queerlit.dh.gu.se/qlit/v1/ed80ly99
677,http://www.wikidata.org/entity/Q665819,https://queerlit.dh.gu.se/qlit/v1/xp40ps97
680,http://www.wikidata.org/entity/Q207850,https://queerlit.dh.gu.se/qlit/v1/nw90qo62
681,http://www.wikidata.org/entity/Q123851099,https://queerlit.dh.gu.se/qlit/v1/cm51lf45
685,http://www.wikidata.org/entity/Q123851394,https://queerlit.dh.gu.se/qlit/v1/nc18mo76
687,http://www.wikidata.org/entity/Q123851350,https://queerlit.dh.gu.se/qlit/v1/lj92bs38
688,http://www.wikidata.org/entity/Q123851192,https://queerlit.dh.gu.se/qlit/v1/ga83rh19
692,http://www.wikidata.org/entity/Q123851354,https://queerlit.dh.gu.se/qlit/v1/ll04wu93
693,http://www.wikidata.org/entity/Q123851362,https://queerlit.dh.gu.se/qlit/v1/lx82wc09
694,http://www.wikidata.org/entity/Q123851706,https://queerlit.dh.gu.se/qlit/v1/xr55rs91
697,http://www.wikidata.org/entity/Q1662673,https://queerlit.dh.gu.se/qlit/v1/pq04vl34
699,http://www.wikidata.org/entity/Q123851651,https://queerlit.dh.gu.se/qlit/v1/uv36xq74
702,http://www.wikidata.org/entity/Q123851339,https://queerlit.dh.gu.se/qlit/v1/ld35mi88
703,http://www.wikidata.org/entity/Q123851668,https://queerlit.dh.gu.se/qlit/v1/vr87jw11
708,http://www.wikidata.org/entity/Q123851737,https://queerlit.dh.gu.se/qlit/v1/ym43ji04
709,http://www.wikidata.org/entity/Q853451,https://queerlit.dh.gu.se/qlit/v1/vg32jf51
718,http://www.wikidata.org/entity/Q123851501,https://queerlit.dh.gu.se/qlit/v1/qj48lh67
722,http://www.wikidata.org/entity/Q123851310,https://queerlit.dh.gu.se/qlit/v1/jz19cb14
726,http://www.wikidata.org/entity/Q1066302,https://queerlit.dh.gu.se/qlit/v1/rc46qr59
728,http://www.wikidata.org/entity/Q123851240,https://queerlit.dh.gu.se/qlit/v1/hv28qb07
730,http://www.wikidata.org/entity/Q123851114,https://queerlit.dh.gu.se/qlit/v1/cv03vh77
731,http://www.wikidata.org/entity/Q123851160,https://queerlit.dh.gu.se/qlit/v1/eq42ai07
736,http://www.wikidata.org/entity/Q123851615,https://queerlit.dh.gu.se/qlit/v1/tm21us57
744,http://www.wikidata.org/entity/Q123851181,https://queerlit.dh.gu.se/qlit/v1/fo21jj20
748,http://www.wikidata.org/entity/Q123851639,https://queerlit.dh.gu.se/qlit/v1/uk90xn87
753,http://www.wikidata.org/entity/Q123851650,https://queerlit.dh.gu.se/qlit/v1/uu24kn16
765,http://www.wikidata.org/entity/Q123851057,https://queerlit.dh.gu.se/qlit/v1/ax94ed37
771,http://www.wikidata.org/entity/Q123851324,https://queerlit.dh.gu.se/qlit/v1/km82jf95
773,http://www.wikidata.org/entity/Q123851699,https://queerlit.dh.gu.se/qlit/v1/xf74zb26
774,http://www.wikidata.org/entity/Q123851124,https://queerlit.dh.gu.se/qlit/v1/db65xf46
775,http://www.wikidata.org/entity/Q123851646,https://queerlit.dh.gu.se/qlit/v1/up95qy96
778,http://www.wikidata.org/entity/Q123851097,https://queerlit.dh.gu.se/qlit/v1/ch10wc66
781,http://www.wikidata.org/entity/Q123851672,https://queerlit.dh.gu.se/qlit/v1/vw24ij47
784,http://www.wikidata.org/entity/Q123851731,https://queerlit.dh.gu.se/qlit/v1/yj75on39
785,http://www.wikidata.org/entity/Q123851128,https://queerlit.dh.gu.se/qlit/v1/dn46oz03
796,http://www.wikidata.org/entity/Q123851360,https://queerlit.dh.gu.se/qlit/v1/lv37kg53
801,http://www.wikidata.org/entity/Q123851082,https://queerlit.dh.gu.se/qlit/v1/bw67sm50
802,http://www.wikidata.org/entity/Q123851655,https://queerlit.dh.gu.se/qlit/v1/uy88np80
805,http://www.wikidata.org/entity/Q123851048,https://queerlit.dh.gu.se/qlit/v1/ap09ru04
806,http://www.wikidata.org/entity/Q123851614,https://queerlit.dh.gu.se/qlit/v1/tl61ll06
811,http://www.wikidata.org/entity/Q123851765,https://queerlit.dh.gu.se/qlit/v1/zt39fx55
815,http://www.wikidata.org/entity/Q123851182,https://queerlit.dh.gu.se/qlit/v1/fs01rm86
824,http://www.wikidata.org/entity/Q123851472,https://queerlit.dh.gu.se/qlit/v1/pt38yf87
832,http://www.wikidata.org/entity/Q123851112,https://queerlit.dh.gu.se/qlit/v1/cu71ap39
836,http://www.wikidata.org/entity/Q123851305,https://queerlit.dh.gu.se/qlit/v1/js21ua35
839,http://www.wikidata.org/entity/Q123851050,https://queerlit.dh.gu.se/qlit/v1/ar69hs67
840,http://www.wikidata.org/entity/Q123851286,https://queerlit.dh.gu.se/qlit/v1/jf44kn92
844,http://www.wikidata.org/entity/Q123851738,https://queerlit.dh.gu.se/qlit/v1/ym67gh06
847,http://www.wikidata.org/entity/Q123851269,https://queerlit.dh.gu.se/qlit/v1/ip90hk23
854,http://www.wikidata.org/entity/Q123851656,https://queerlit.dh.gu.se/qlit/v1/uz31xm23
856,http://www.wikidata.org/entity/Q123851443,https://queerlit.dh.gu.se/qlit/v1/oy73zy99
857,http://www.wikidata.org/entity/Q123851399,https://queerlit.dh.gu.se/qlit/v1/ni09mn87
864,http://www.wikidata.org/entity/Q123851764,https://queerlit.dh.gu.se/qlit/v1/zt16av80
866,http://www.wikidata.org/entity/Q123851045,https://queerlit.dh.gu.se/qlit/v1/ai94lo42
876,http://www.wikidata.org/entity/Q123851649,https://queerlit.dh.gu.se/qlit/v1/ut81fb61
878,http://www.wikidata.org/entity/Q123851052,https://queerlit.dh.gu.se/qlit/v1/as34mb58
894,http://www.wikidata.org/entity/Q123851596,https://queerlit.dh.gu.se/qlit/v1/sk93nk73
895,http://www.wikidata.org/entity/Q123851529,https://queerlit.dh.gu.se/qlit/v1/rf98kk08
898,http://www.wikidata.org/entity/Q123851759,https://queerlit.dh.gu.se/qlit/v1/zl63wr47
901,http://www.wikidata.org/entity/Q123851191,https://queerlit.dh.gu.se/qlit/v1/ga50bh91
909,http://www.wikidata.org/entity/Q123851115,https://queerlit.dh.gu.se/qlit/v1/cv43ns83
910,http://www.wikidata.org/entity/Q123851268,https://queerlit.dh.gu.se/qlit/v1/io88iy76
914,http://www.wikidata.org/entity/Q2567462,https://queerlit.dh.gu.se/qlit/v1/gb03ie03
916,http://www.wikidata.org/entity/Q123851282,https://queerlit.dh.gu.se/qlit/v1/iz53yr49
922,http://www.wikidata.org/entity/Q123851169,https://queerlit.dh.gu.se/qlit/v1/ey75ly87
928,http://www.wikidata.org/entity/Q123851345,https://queerlit.dh.gu.se/qlit/v1/lg97ic94
929,http://www.wikidata.org/entity/Q123851321,https://queerlit.dh.gu.se/qlit/v1/km22hn65
930,http://www.wikidata.org/entity/Q123851541,https://queerlit.dh.gu.se/qlit/v1/rj61bd65
935,http://www.wikidata.org/entity/Q123851285,https://queerlit.dh.gu.se/qlit/v1/je73wy14
939,http://www.wikidata.org/entity/Q123851385,https://queerlit.dh.gu.se/qlit/v1/mt82qy45
948,http://www.wikidata.org/entity/Q123851288,https://queerlit.dh.gu.se/qlit/v1/jg76es99
956,http://www.wikidata.org/entity/Q123851633,https://queerlit.dh.gu.se/qlit/v1/ug69ck69
982,http://www.wikidata.org/entity/Q123851148,https://queerlit.dh.gu.se/qlit/v1/ef49js51
984,http://www.wikidata.org/entity/Q123851702,https://queerlit.dh.gu.se/qlit/v1/xm29te76
986,http://www.wikidata.org/entity/Q123851405,https://queerlit.dh.gu.se/qlit/v1/nl71fq44
987,http://www.wikidata.org/entity/Q123851625,https://queerlit.dh.gu.se/qlit/v1/tx64rj03
994,http://www.wikidata.org/entity/Q123851341,https://queerlit.dh.gu.se/qlit/v1/le14is10
996,http://www.wikidata.org/entity/Q123851449,https://queerlit.dh.gu.se/qlit/v1/pi77tc72
1001,http://www.wikidata.org/entity/Q123851242,https://queerlit.dh.gu.se/qlit/v1/hz00ry27
1021,http://www.wikidata.org/entity/Q123851465,https://queerlit.dh.gu.se/qlit/v1/pp33on45
1025,http://www.wikidata.org/entity/Q123851701,https://queerlit.dh.gu.se/qlit/v1/xg52hd15
1031,http://www.wikidata.org/entity/Q123851277,https://queerlit.dh.gu.se/qlit/v1/ix39kn40
1033,http://www.wikidata.org/entity/Q123851681,https://queerlit.dh.gu.se/qlit/v1/wm72qx84
1043,http://www.wikidata.org/entity/Q123851208,https://queerlit.dh.gu.se/qlit/v1/gx93ym52
1052,http://www.wikidata.org/entity/Q123851404,https://queerlit.dh.gu.se/qlit/v1/nk19mk45
1053,http://www.wikidata.org/entity/Q123851357,https://queerlit.dh.gu.se/qlit/v1/ln82yo33
1055,http://www.wikidata.org/entity/Q123851644,https://queerlit.dh.gu.se/qlit/v1/un62lw62
1060,http://www.wikidata.org/entity/Q123851704,https://queerlit.dh.gu.se/qlit/v1/xo37sy14
1062,http://www.wikidata.org/entity/Q123851250,https://queerlit.dh.gu.se/qlit/v1/ie50ey03
1063,http://www.wikidata.org/entity/Q106688046,https://queerlit.dh.gu.se/qlit/v1/or82kx62
1064,http://www.wikidata.org/entity/Q123851398,https://queerlit.dh.gu.se/qlit/v1/ng82qy03
1069,http://www.wikidata.org/entity/Q123851732,https://queerlit.dh.gu.se/qlit/v1/yj80eb84
1071,http://www.wikidata.org/entity/Q123851409,https://queerlit.dh.gu.se/qlit/v1/nm98ii60
1082,http://www.wikidata.org/entity/Q123851200,https://queerlit.dh.gu.se/qlit/v1/gh92ro49
1083,http://www.wikidata.org/entity/Q123851724,https://queerlit.dh.gu.se/qlit/v1/ye44ho27
1084,http://www.wikidata.org/entity/Q123851077,https://queerlit.dh.gu.se/qlit/v1/bu52ty56
1094,http://www.wikidata.org/entity/Q123851451,https://queerlit.dh.gu.se/qlit/v1/pj39xm88
1097,http://www.wikidata.org/entity/Q123851046,https://queerlit.dh.gu.se/qlit/v1/aj40pz93
1101,http://www.wikidata.org/entity/Q123851359,https://queerlit.dh.gu.se/qlit/v1/lv06qu73
1105,http://www.wikidata.org/entity/Q123851232,https://queerlit.dh.gu.se/qlit/v1/ho87ol42
1106,http://www.wikidata.org/entity/Q123851662,https://queerlit.dh.gu.se/qlit/v1/vk43qf93
1110,http://www.wikidata.org/entity/Q384873,https://queerlit.dh.gu.se/qlit/v1/qj64si34
1113,http://www.wikidata.org/entity/Q123851377,https://queerlit.dh.gu.se/qlit/v1/mm52zy83
1114,http://www.wikidata.org/entity/Q123851060,https://queerlit.dh.gu.se/qlit/v1/ba31au62
1115,http://www.wikidata.org/entity/Q123851717,https://queerlit.dh.gu.se/qlit/v1/yb64ty36
1125,http://www.wikidata.org/entity/Q123851102,https://queerlit.dh.gu.se/qlit/v1/co37xi02
1129,http://www.wikidata.org/entity/Q123851272,https://queerlit.dh.gu.se/qlit/v1/iq97le56
1131,http://www.wikidata.org/entity/Q123851107,https://queerlit.dh.gu.se/qlit/v1/cq53ib88
1133,http://www.wikidata.org/entity/Q123851061,https://queerlit.dh.gu.se/qlit/v1/be84pp13
1134,http://www.wikidata.org/entity/Q123851590,https://queerlit.dh.gu.se/qlit/v1/sh22xj49
1135,http://www.wikidata.org/entity/Q123851257,https://queerlit.dh.gu.se/qlit/v1/ij02nz52
1139,http://www.wikidata.org/entity/Q123851230,https://queerlit.dh.gu.se/qlit/v1/hl34qn20
1154,http://www.wikidata.org/entity/Q123851368,https://queerlit.dh.gu.se/qlit/v1/mc95vp00
1159,http://www.wikidata.org/entity/Q123851657,https://queerlit.dh.gu.se/qlit/v1/uz47hv66
1163,http://www.wikidata.org/entity/Q123851719,https://queerlit.dh.gu.se/qlit/v1/yc84up13
1174,http://www.wikidata.org/entity/Q123851767,https://queerlit.dh.gu.se/qlit/v1/zw83ms79
1185,http://www.wikidata.org/entity/Q123851108,https://queerlit.dh.gu.se/qlit/v1/cq64hl00
1192,http://www.wikidata.org/entity/Q123851392,https://queerlit.dh.gu.se/qlit/v1/na27vd54
1197,http://www.wikidata.org/entity/Q945895,https://queerlit.dh.gu.se/qlit/v1/hl99rr34
1204,http://www.wikidata.org/entity/Q123851298,https://queerlit.dh.gu.se/qlit/v1/jm38qk98
1209,http://www.wikidata.org/entity/Q1458153,https://queerlit.dh.gu.se/qlit/v1/qb68kn73
1211,http://www.wikidata.org/entity/Q123851267,https://queerlit.dh.gu.se/qlit/v1/io33bc56
1217,http://www.wikidata.org/entity/Q123851635,https://queerlit.dh.gu.se/qlit/v1/ui03us88
1222,http://www.wikidata.org/entity/Q123851284,https://queerlit.dh.gu.se/qlit/v1/je63sm61
1255,http://www.wikidata.org/entity/Q123851582,https://queerlit.dh.gu.se/qlit/v1/sf24zw50
1346,http://www.wikidata.org/entity/Q123851642,https://queerlit.dh.gu.se/qlit/v1/um33qf35
1446,http://www.wikidata.org/entity/Q123851604,https://queerlit.dh.gu.se/qlit/v1/sr72nr60
1578,http://www.wikidata.org/entity/Q123851296,https://queerlit.dh.gu.se/qlit/v1/jm19os62
1587,http://www.wikidata.org/entity/Q123851414,https://queerlit.dh.gu.se/qlit/v1/nx46rw80
1613,http://www.wikidata.org/entity/Q10541505,https://queerlit.dh.gu.se/qlit/v1/jp21cy02
1689,http://www.wikidata.org/entity/Q123851386,https://queerlit.dh.gu.se/qlit/v1/mw94xh06
1722,http://www.wikidata.org/entity/Q123851387,https://queerlit.dh.gu.se/qlit/v1/mw98ml69
1743,http://www.wikidata.org/entity/Q123851317,https://queerlit.dh.gu.se/qlit/v1/kc33mv72
1773,http://www.wikidata.org/entity/Q123851344,https://queerlit.dh.gu.se/qlit/v1/lg40hw26
1808,http://www.wikidata.org/entity/Q123851196,https://queerlit.dh.gu.se/qlit/v1/gc11ac86
1820,http://www.wikidata.org/entity/Q303479,https://queerlit.dh.gu.se/qlit/v1/xs83yq66
1832,http://www.wikidata.org/entity/Q123851439,https://queerlit.dh.gu.se/qlit/v1/ow08sf46
1870,http://www.wikidata.org/entity/Q123851749,https://queerlit.dh.gu.se/qlit/v1/yx47kl56
1982,http://www.wikidata.org/entity/Q123851066,https://queerlit.dh.gu.se/qlit/v1/bk40bw82
1987,http://www.wikidata.org/entity/Q123851074,https://queerlit.dh.gu.se/qlit/v1/bp52jf13
2001,http://www.wikidata.org/entity/Q123851035,https://queerlit.dh.gu.se/qlit/v1/ac07ta86
2006,http://www.wikidata.org/entity/Q123851123,https://queerlit.dh.gu.se/qlit/v1/db65rd76
2075,http://www.wikidata.org/entity/Q123851280,https://queerlit.dh.gu.se/qlit/v1/iy72dm08
2123,http://www.wikidata.org/entity/Q123851256,https://queerlit.dh.gu.se/qlit/v1/ii22pz18
2134,http://www.wikidata.org/entity/Q123851144,https://queerlit.dh.gu.se/qlit/v1/ec50im78
2140,http://www.wikidata.org/entity/Q123851493,https://queerlit.dh.gu.se/qlit/v1/qf48vc57
2223,http://www.wikidata.org/entity/Q123851038,https://queerlit.dh.gu.se/qlit/v1/ad66zi96
2257,http://www.wikidata.org/entity/Q954065,https://queerlit.dh.gu.se/qlit/v1/iy88so72
2258,http://www.wikidata.org/entity/Q123851709,https://queerlit.dh.gu.se/qlit/v1/xw74zj20
2290,http://www.wikidata.org/entity/Q123851444,https://queerlit.dh.gu.se/qlit/v1/pb90wc68
2473,http://www.wikidata.org/entity/Q123851471,https://queerlit.dh.gu.se/qlit/v1/ps79pk16
2487,http://www.wikidata.org/entity/Q123851442,https://queerlit.dh.gu.se/qlit/v1/ox94in52
2499,http://www.wikidata.org/entity/Q123851666,https://queerlit.dh.gu.se/qlit/v1/vr81mp20
2507,http://www.wikidata.org/entity/Q123851506,https://queerlit.dh.gu.se/qlit/v1/qo25ba41
2524,http://www.wikidata.org/entity/Q123851429,https://queerlit.dh.gu.se/qlit/v1/om71eq87
2552,http://www.wikidata.org/entity/Q4685912,https://queerlit.dh.gu.se/qlit/v1/vz77bu91
2604,http://www.wikidata.org/entity/Q123851365,https://queerlit.dh.gu.se/qlit/v1/ma78to45
2703,http://www.wikidata.org/entity/Q123851480,https://queerlit.dh.gu.se/qlit/v1/px69nf52
2715,http://www.wikidata.org/entity/Q123851453,https://queerlit.dh.gu.se/qlit/v1/pm44fs90
2728,http://www.wikidata.org/entity/Q123851236,https://queerlit.dh.gu.se/qlit/v1/hq87uz64
2737,http://www.wikidata.org/entity/Q123851105,https://queerlit.dh.gu.se/qlit/v1/cq26sv65
2753,http://www.wikidata.org/entity/Q123851338,https://queerlit.dh.gu.se/qlit/v1/lc03jf41
2770,http://www.wikidata.org/entity/Q123851152,https://queerlit.dh.gu.se/qlit/v1/eh72ht67
2849,http://www.wikidata.org/entity/Q123851133,https://queerlit.dh.gu.se/qlit/v1/dp07bs97
2911,http://www.wikidata.org/entity/Q123851489,https://queerlit.dh.gu.se/qlit/v1/qd17qs25
2946,http://www.wikidata.org/entity/Q123851616,https://queerlit.dh.gu.se/qlit/v1/tm80vg73
2953,http://www.wikidata.org/entity/Q123851754,https://queerlit.dh.gu.se/qlit/v1/ze99bm54
2957,http://www.wikidata.org/entity/Q123851080,https://queerlit.dh.gu.se/qlit/v1/bw23bo45
2972,http://www.wikidata.org/entity/Q123851155,https://queerlit.dh.gu.se/qlit/v1/el38sj28
2973,http://www.wikidata.org/entity/Q18552270,https://queerlit.dh.gu.se/qlit/v1/na14gr08
2986,http://www.wikidata.org/entity/Q123851340,https://queerlit.dh.gu.se/qlit/v1/ld59bo28
3059,http://www.wikidata.org/entity/Q123851584,https://queerlit.dh.gu.se/qlit/v1/sf83mb17
3110,http://www.wikidata.org/entity/Q123851684,https://queerlit.dh.gu.se/qlit/v1/wp43vv13
3152,http://www.wikidata.org/entity/Q123851172,https://queerlit.dh.gu.se/qlit/v1/fg62ba53
3159,http://www.wikidata.org/entity/Q123851270,https://queerlit.dh.gu.se/qlit/v1/iq08ee58
3177,http://www.wikidata.org/entity/Q123851076,https://queerlit.dh.gu.se/qlit/v1/bt16zp60
3205,http://www.wikidata.org/entity/Q123851264,https://queerlit.dh.gu.se/qlit/v1/il67cv51
3211,http://www.wikidata.org/entity/Q123851159,https://queerlit.dh.gu.se/qlit/v1/ep67oc83
3273,http://www.wikidata.org/entity/Q123851361,https://queerlit.dh.gu.se/qlit/v1/lw04vi58
3313,http://www.wikidata.org/entity/Q123851122,https://queerlit.dh.gu.se/qlit/v1/db31do17
3362,http://www.wikidata.org/entity/Q123851079,https://queerlit.dh.gu.se/qlit/v1/bv22nv79
3387,http://www.wikidata.org/entity/Q123851677,https://queerlit.dh.gu.se/qlit/v1/wg64bm19
3438,http://www.wikidata.org/entity/Q123851437,https://queerlit.dh.gu.se/qlit/v1/ou65rx96
3443,http://www.wikidata.org/entity/Q123851056,https://queerlit.dh.gu.se/qlit/v1/ax80mf78
3453,http://www.wikidata.org/entity/Q123851178,https://queerlit.dh.gu.se/qlit/v1/fl40sz20
3499,http://www.wikidata.org/entity/Q123851426,https://queerlit.dh.gu.se/qlit/v1/oi38hf27
3501,http://www.wikidata.org/entity/Q123851106,https://queerlit.dh.gu.se/qlit/v1/cq47se04
3510,http://www.wikidata.org/entity/Q123851671,https://queerlit.dh.gu.se/qlit/v1/vv82yi14
3524,http://www.wikidata.org/entity/Q123851623,https://queerlit.dh.gu.se/qlit/v1/ts68gn43
3576,http://www.wikidata.org/entity/Q123851382,https://queerlit.dh.gu.se/qlit/v1/mt38ga61
3612,http://www.wikidata.org/entity/Q123851630,https://queerlit.dh.gu.se/qlit/v1/uc39di61
3632,http://www.wikidata.org/entity/Q123851525,https://queerlit.dh.gu.se/qlit/v1/rd67us45
3641,http://www.wikidata.org/entity/Q123851042,https://queerlit.dh.gu.se/qlit/v1/af48gg30
3654,http://www.wikidata.org/entity/Q123851113,https://queerlit.dh.gu.se/qlit/v1/cu72fw23
3665,http://www.wikidata.org/entity/Q123851085,https://queerlit.dh.gu.se/qlit/v1/bz75oh35
3746,http://www.wikidata.org/entity/Q123851445,https://queerlit.dh.gu.se/qlit/v1/pc36se94
3808,http://www.wikidata.org/entity/Q123851645,https://queerlit.dh.gu.se/qlit/v1/up78ob03
3882,http://www.wikidata.org/entity/Q123851351,https://queerlit.dh.gu.se/qlit/v1/lk03vi75
3906,http://www.wikidata.org/entity/Q123851415,https://queerlit.dh.gu.se/qlit/v1/ny05rj22
3918,http://www.wikidata.org/entity/Q123851309,https://queerlit.dh.gu.se/qlit/v1/jy51gh05
3968,http://www.wikidata.org/entity/Q123851218,https://queerlit.dh.gu.se/qlit/v1/he13pb69
4081,http://www.wikidata.org/entity/Q123851543,https://queerlit.dh.gu.se/qlit/v1/rk79wi90
4144,http://www.wikidata.org/entity/Q123851239,https://queerlit.dh.gu.se/qlit/v1/hu08zy84
4229,http://www.wikidata.org/entity/Q123851086,https://queerlit.dh.gu.se/qlit/v1/bz79ls20
4320,http://www.wikidata.org/entity/Q123851071,https://queerlit.dh.gu.se/qlit/v1/bn12zw97
4322,http://www.wikidata.org/entity/Q123851503,https://queerlit.dh.gu.se/qlit/v1/qk35dh05
4331,http://www.wikidata.org/entity/Q123851241,https://queerlit.dh.gu.se/qlit/v1/hx76pe91
4408,http://www.wikidata.org/entity/Q123851756,https://queerlit.dh.gu.se/qlit/v1/zg42hu70
4413,http://www.wikidata.org/entity/Q123851574,https://queerlit.dh.gu.se/qlit/v1/sb19ql51
4420,http://www.wikidata.org/entity/Q123851051,https://queerlit.dh.gu.se/qlit/v1/as12hv64
4491,http://www.wikidata.org/entity/Q123851428,https://queerlit.dh.gu.se/qlit/v1/ok39fi83
4533,http://www.wikidata.org/entity/Q123851379,https://queerlit.dh.gu.se/qlit/v1/mn17sn86
4534,http://www.wikidata.org/entity/Q123851447,https://queerlit.dh.gu.se/qlit/v1/pi08hg78
4537,http://www.wikidata.org/entity/Q123851558,https://queerlit.dh.gu.se/qlit/v1/rs37ie35
4550,http://www.wikidata.org/entity/Q123851036,https://queerlit.dh.gu.se/qlit/v1/ac41zr34
4561,http://www.wikidata.org/entity/Q123851626,https://queerlit.dh.gu.se/qlit/v1/ty33ci85
4573,http://www.wikidata.org/entity/Q123851745,https://queerlit.dh.gu.se/qlit/v1/yq72vv00
4672,http://www.wikidata.org/entity/Q123851434,https://queerlit.dh.gu.se/qlit/v1/or84uc19
4715,http://www.wikidata.org/entity/Q123851109,https://queerlit.dh.gu.se/qlit/v1/cq92tw18
4751,http://www.wikidata.org/entity/Q123851312,https://queerlit.dh.gu.se/qlit/v1/ka64zi36
4768,http://www.wikidata.org/entity/Q123851438,https://queerlit.dh.gu.se/qlit/v1/ow02gb82
4777,http://www.wikidata.org/entity/Q123851575,https://queerlit.dh.gu.se/qlit/v1/sb41qh19
4790,http://www.wikidata.org/entity/Q123851376,https://queerlit.dh.gu.se/qlit/v1/ml53hr68
4796,http://www.wikidata.org/entity/Q123851059,https://queerlit.dh.gu.se/qlit/v1/az93uj82
4853,http://www.wikidata.org/entity/Q123851729,https://queerlit.dh.gu.se/qlit/v1/yi63rn93
4889,http://www.wikidata.org/entity/Q123851446,https://queerlit.dh.gu.se/qlit/v1/pf53mb18
4901,http://www.wikidata.org/entity/Q123851547,https://queerlit.dh.gu.se/qlit/v1/rn48mo22
4988,http://www.wikidata.org/entity/Q123851179,https://queerlit.dh.gu.se/qlit/v1/fn83ny13
5005,http://www.wikidata.org/entity/Q123851411,https://queerlit.dh.gu.se/qlit/v1/np32qn49
5007,http://www.wikidata.org/entity/Q123851678,https://queerlit.dh.gu.se/qlit/v1/wk10nx66
5023,http://www.wikidata.org/entity/Q123851332,https://queerlit.dh.gu.se/qlit/v1/ku85op55
5098,http://www.wikidata.org/entity/Q123851482,https://queerlit.dh.gu.se/qlit/v1/px83mo29
5106,http://www.wikidata.org/entity/Q123851189,https://queerlit.dh.gu.se/qlit/v1/fx55na17
5220,http://www.wikidata.org/entity/Q123851601,https://queerlit.dh.gu.se/qlit/v1/sn21af03
5249,http://www.wikidata.org/entity/Q123851695,https://queerlit.dh.gu.se/qlit/v1/wx50dk33
5332,http://www.wikidata.org/entity/Q123851276,https://queerlit.dh.gu.se/qlit/v1/iu48hl96
5359,http://www.wikidata.org/entity/Q123851424,https://queerlit.dh.gu.se/qlit/v1/oh02hf14
5426,http://www.wikidata.org/entity/Q123851185,https://queerlit.dh.gu.se/qlit/v1/fv17pe76
5466,http://www.wikidata.org/entity/Q123851041,https://queerlit.dh.gu.se/qlit/v1/af25bs10
5470,http://www.wikidata.org/entity/Q123851283,https://queerlit.dh.gu.se/qlit/v1/jb88tw15
5472,http://www.wikidata.org/entity/Q123851598,https://queerlit.dh.gu.se/qlit/v1/sm18jx44
5484,http://www.wikidata.org/entity/Q123851636,https://queerlit.dh.gu.se/qlit/v1/uj05xb50
5487,http://www.wikidata.org/entity/Q123851647,https://queerlit.dh.gu.se/qlit/v1/uq46vq54
5489,http://www.wikidata.org/entity/Q123851176,https://queerlit.dh.gu.se/qlit/v1/fk47fc89
5495,http://www.wikidata.org/entity/Q123851707,https://queerlit.dh.gu.se/qlit/v1/xs75bn70
5509,http://www.wikidata.org/entity/Q123851320,https://queerlit.dh.gu.se/qlit/v1/kk47bz38
5593,http://www.wikidata.org/entity/Q123851743,https://queerlit.dh.gu.se/qlit/v1/yp38jg66
5617,http://www.wikidata.org/entity/Q123851654,https://queerlit.dh.gu.se/qlit/v1/uy59sk22
5659,http://www.wikidata.org/entity/Q123851358,https://queerlit.dh.gu.se/qlit/v1/lr96ax17
5720,http://www.wikidata.org/entity/Q123851203,https://queerlit.dh.gu.se/qlit/v1/gm75ni75
5795,http://www.wikidata.org/entity/Q123851193,https://queerlit.dh.gu.se/qlit/v1/gb58ld43
5801,http://www.wikidata.org/entity/Q123851682,https://queerlit.dh.gu.se/qlit/v1/wn14yd68
5850,http://www.wikidata.org/entity/Q105394906,https://queerlit.dh.gu.se/qlit/v1/nd56bj55
5861,http://www.wikidata.org/entity/Q123851578,https://queerlit.dh.gu.se/qlit/v1/sd59ts94
5928,http://www.wikidata.org/entity/Q123851710,https://queerlit.dh.gu.se/qlit/v1/xw99iq72
5974,http://www.wikidata.org/entity/Q123851364,https://queerlit.dh.gu.se/qlit/v1/lx88hn91
6003,http://www.wikidata.org/entity/Q123851348,https://queerlit.dh.gu.se/qlit/v1/lj67gb57
6006,http://www.wikidata.org/entity/Q123851430,https://queerlit.dh.gu.se/qlit/v1/oo84xg08
6012,http://www.wikidata.org/entity/Q123851388,https://queerlit.dh.gu.se/qlit/v1/mz17yd70
6085,http://www.wikidata.org/entity/Q123851508,https://queerlit.dh.gu.se/qlit/v1/qo73uy24
6149,http://www.wikidata.org/entity/Q123851638,https://queerlit.dh.gu.se/qlit/v1/uj94qg47
6159,http://www.wikidata.org/entity/Q123851096,https://queerlit.dh.gu.se/qlit/v1/ce30cv53
6189,http://www.wikidata.org/entity/Q123851728,https://queerlit.dh.gu.se/qlit/v1/yi47zi31
6284,http://www.wikidata.org/entity/Q1108601,https://queerlit.dh.gu.se/qlit/v1/nh99bq54
6326,http://www.wikidata.org/entity/Q123851753,https://queerlit.dh.gu.se/qlit/v1/ze55dx31
6327,http://www.wikidata.org/entity/Q123851670,https://queerlit.dh.gu.se/qlit/v1/vu78ao12
6386,http://www.wikidata.org/entity/Q123851653,https://queerlit.dh.gu.se/qlit/v1/ux32oc19
6393,http://www.wikidata.org/entity/Q123851491,https://queerlit.dh.gu.se/qlit/v1/qf09cx68
